sample_id,split,total_calories,total_protein,total_carb,total_fat,image_path
0,train,41.399998,0.288,2.268,3.852,data/processed/food-nutrients/images/000000.jpg
1,train,6.44,0.506,1.219,0.092,data/processed/food-nutrients/images/000001.jpg
2,train,71.299995,0.496,3.906,6.634,data/processed/food-nutrients/images/000002.jpg
3,train,27.52,2.176,5.76,0.192,data/processed/food-nutrients/images/000003.jpg
4,train,4.48,0.196,0.952,0.056,data/processed/food-nutrients/images/000004.jpg
5,test,103.300003,2.868,10.618,6.882,data/processed/food-nutrients/images/000005.jpg
6,train,103.300003,2.868,10.618,6.882,data/processed/food-nutrients/images/000006.jpg
7,train,103.299995,2.868,10.618,6.882,data/processed/food-nutrients/images/000007.jpg
8,train,103.299995,2.868,10.618,6.882,data/processed/food-nutrients/images/000008.jpg
9,train,103.299995,2.868,10.618,6.882,data/processed/food-nutrients/images/000009.jpg
10,train,103.300003,2.868,10.618,6.882,data/processed/food-nutrients/images/000010.jpg
11,train,18.810001,0.399,4.56,0.171,data/processed/food-nutrients/images/000011.jpg
12,train,195.929993,15.75,1.512,13.23,data/processed/food-nutrients/images/000012.jpg
13,test,115.413002,1.488,27.341999,0.186,data/processed/food-nutrients/images/000013.jpg
14,train,330.152985,17.637001,33.413998,13.586999,data/processed/food-nutrients/images/000014.jpg
15,train,35.099998,7.176,0.0,5.07,data/processed/food-nutrients/images/000015.jpg
16,train,13.144,0.53,3.127,0.106,data/processed/food-nutrients/images/000016.jpg
17,train,13.64,0.992,1.333,0.651,data/processed/food-nutrients/images/000017.jpg
18,train,61.883999,8.698,4.46,5.827,data/processed/food-nutrients/images/000018.jpg
19,train,103.949997,19.530001,0.0,2.268,data/processed/food-nutrients/images/000019.jpg
20,train,19.25,1.386,3.85,0.231,data/processed/food-nutrients/images/000020.jpg
21,train,319.779999,29.5,0.0,22.42,data/processed/food-nutrients/images/000021.jpg
22,train,442.97998,50.416,3.85,24.919001,data/processed/food-nutrients/images/000022.jpg
23,train,5.52,0.696,0.864,0.096,data/processed/food-nutrients/images/000023.jpg
24,train,3.1,0.31,0.62,0.0,data/processed/food-nutrients/images/000024.jpg
25,train,75.200005,0.94,4.23,7.05,data/processed/food-nutrients/images/000025.jpg
26,train,46.0,0.32,2.52,4.28,data/processed/food-nutrients/images/000026.jpg
27,train,129.820007,2.266,8.233999,11.426001,data/processed/food-nutrients/images/000027.jpg
28,train,149.279999,12.0,1.152,10.08,data/processed/food-nutrients/images/000028.jpg
29,train,22.049999,1.512,4.41,0.252,data/processed/food-nutrients/images/000029.jpg
30,train,11.88,0.252,2.88,0.108,data/processed/food-nutrients/images/000030.jpg
31,train,25.969999,0.588,5.88,0.343,data/processed/food-nutrients/images/000031.jpg
32,train,146.069992,9.99,0.378,11.339999,data/processed/food-nutrients/images/000032.jpg
33,train,355.25,24.341999,14.700001,22.122999,data/processed/food-nutrients/images/000033.jpg
34,train,47.158001,0.608,11.172,0.076,data/processed/food-nutrients/images/000034.jpg
35,train,26.434999,2.125,0.204,1.785,data/processed/food-nutrients/images/000035.jpg
36,train,5.59,0.182,1.196,0.065,data/processed/food-nutrients/images/000036.jpg
37,val,6.93,0.147,1.68,0.063,data/processed/food-nutrients/images/000037.jpg
38,train,20.669998,0.468,4.68,0.273,data/processed/food-nutrients/images/000038.jpg
39,train,106.782997,3.53,18.932001,2.262,data/processed/food-nutrients/images/000039.jpg
40,train,29.880001,0.415,7.47,0.083,data/processed/food-nutrients/images/000040.jpg
41,test,24.139999,0.568,5.68,0.142,data/processed/food-nutrients/images/000041.jpg
42,test,129.839996,8.88,0.336,10.08,data/processed/food-nutrients/images/000042.jpg
43,train,183.860001,9.863,13.486,10.305,data/processed/food-nutrients/images/000043.jpg
44,train,20.400002,0.408,5.168,0.068,data/processed/food-nutrients/images/000044.jpg
45,train,80.665001,1.04,19.110001,0.13,data/processed/food-nutrients/images/000045.jpg
46,train,162.299988,11.1,0.42,12.599999,data/processed/food-nutrients/images/000046.jpg
47,train,263.36499,12.548,24.698,12.797999,data/processed/food-nutrients/images/000047.jpg
48,train,54.669998,1.42,12.07,0.071,data/processed/food-nutrients/images/000048.jpg
49,test,151.479996,10.360001,0.392,11.759999,data/processed/food-nutrients/images/000049.jpg
50,train,21.900002,0.438,5.548,0.073,data/processed/food-nutrients/images/000050.jpg
51,train,228.050003,12.218,18.01,11.903999,data/processed/food-nutrients/images/000051.jpg
52,test,20.74,0.488,4.88,0.122,data/processed/food-nutrients/images/000052.jpg
53,train,19.5,0.39,4.94,0.065,data/processed/food-nutrients/images/000053.jpg
54,val,23.76,0.33,5.94,0.066,data/processed/food-nutrients/images/000054.jpg
55,train,64.0,1.208,15.76,0.253,data/processed/food-nutrients/images/000055.jpg
56,train,38.880001,0.54,9.72,0.108,data/processed/food-nutrients/images/000056.jpg
57,train,88.549995,2.3,19.550001,0.115,data/processed/food-nutrients/images/000057.jpg
58,val,146.069992,9.99,0.378,11.339999,data/processed/food-nutrients/images/000058.jpg
59,val,273.5,12.83,29.648003,11.562999,data/processed/food-nutrients/images/000059.jpg
60,train,137.751007,1.776,32.633999,0.222,data/processed/food-nutrients/images/000060.jpg
61,train,119.019997,8.14,0.308,9.24,data/processed/food-nutrients/images/000061.jpg
62,train,22.780001,0.536,5.36,0.134,data/processed/food-nutrients/images/000062.jpg
63,test,279.550995,10.452001,38.301998,9.596,data/processed/food-nutrients/images/000063.jpg
64,train,67.759995,1.76,14.96,0.088,data/processed/food-nutrients/images/000064.jpg
65,test,38.52,0.535,9.63,0.107,data/processed/food-nutrients/images/000065.jpg
66,train,140.660004,9.62,0.364,10.92,data/processed/food-nutrients/images/000066.jpg
67,train,246.940002,11.915,24.954,11.115,data/processed/food-nutrients/images/000067.jpg
68,train,18.300001,0.366,4.636,0.061,data/processed/food-nutrients/images/000068.jpg
69,train,89.352005,1.152,21.167999,0.144,data/processed/food-nutrients/images/000069.jpg
70,train,81.149994,5.55,0.21,6.3,data/processed/food-nutrients/images/000070.jpg
71,train,17.640001,0.245,4.41,0.049,data/processed/food-nutrients/images/000071.jpg
72,train,206.442001,7.313,30.423998,6.553999,data/processed/food-nutrients/images/000072.jpg
73,train,136.51001,1.76,32.34,0.22,data/processed/food-nutrients/images/000073.jpg
74,train,31.620001,0.744,7.44,0.186,data/processed/food-nutrients/images/000074.jpg
75,train,56.98,1.48,12.58,0.074,data/processed/food-nutrients/images/000075.jpg
76,test,12.3,0.246,3.116,0.041,data/processed/food-nutrients/images/000076.jpg
77,train,237.410004,4.23,55.475998,0.521,data/processed/food-nutrients/images/000077.jpg
78,train,76.942001,0.992,18.228001,0.124,data/processed/food-nutrients/images/000078.jpg
79,train,140.660004,9.62,0.364,10.92,data/processed/food-nutrients/images/000079.jpg
80,train,31.280001,0.736,7.36,0.184,data/processed/food-nutrients/images/000080.jpg
81,test,248.882004,11.348,25.952,11.228,data/processed/food-nutrients/images/000081.jpg
82,train,140.660004,9.62,0.364,10.92,data/processed/food-nutrients/images/000082.jpg
83,train,213.897003,8.288,8.399,18.315001,data/processed/food-nutrients/images/000083.jpg
84,train,43.470001,0.441,11.34,0.126,data/processed/food-nutrients/images/000084.jpg
85,val,74.360001,20.02,0.429,0.286,data/processed/food-nutrients/images/000085.jpg
86,train,258.450012,14.475,3.15,20.475,data/processed/food-nutrients/images/000086.jpg
87,train,29.07,0.357,7.14,0.153,data/processed/food-nutrients/images/000087.jpg
88,train,29.07,0.357,7.14,0.153,data/processed/food-nutrients/images/000088.jpg
89,test,37.869999,2.59,0.098,2.94,data/processed/food-nutrients/images/000089.jpg
90,train,52.869999,4.25,0.408,3.57,data/processed/food-nutrients/images/000090.jpg
91,train,85.629005,1.104,20.285999,0.138,data/processed/food-nutrients/images/000091.jpg
92,train,205.438995,8.301001,27.931999,6.801,data/processed/food-nutrients/images/000092.jpg
93,test,37.259998,0.378,9.72,0.108,data/processed/food-nutrients/images/000093.jpg
94,train,179.210999,6.944,7.037,15.345,data/processed/food-nutrients/images/000094.jpg
95,test,30.6,0.72,7.2,0.18,data/processed/food-nutrients/images/000095.jpg
96,train,247.070999,8.042,23.957001,15.633,data/processed/food-nutrients/images/000096.jpg
97,train,7.84,0.616,1.484,0.112,data/processed/food-nutrients/images/000097.jpg
98,train,289.050018,11.200001,11.35,24.75,data/processed/food-nutrients/images/000098.jpg
99,train,296.890015,11.816001,12.834001,24.862,data/processed/food-nutrients/images/000099.jpg
100,train,74.360001,20.02,0.429,0.286,data/processed/food-nutrients/images/000100.jpg
101,train,57.27,0.581,14.940001,0.166,data/processed/food-nutrients/images/000101.jpg
102,train,30.6,0.72,7.2,0.18,data/processed/food-nutrients/images/000102.jpg
103,train,162.230011,21.320999,22.569,0.632,data/processed/food-nutrients/images/000103.jpg
104,train,258.450012,14.475,3.15,20.475,data/processed/food-nutrients/images/000104.jpg
105,test,151.479996,10.360001,0.392,11.759999,data/processed/food-nutrients/images/000105.jpg
106,train,104.057999,4.032,4.086,8.91,data/processed/food-nutrients/images/000106.jpg
107,train,26.91,0.273,7.02,0.078,data/processed/food-nutrients/images/000107.jpg
108,train,540.89801,29.140001,14.648001,41.223,data/processed/food-nutrients/images/000108.jpg
109,train,74.360001,20.02,0.429,0.286,data/processed/food-nutrients/images/000109.jpg
110,train,13.72,1.078,2.597,0.196,data/processed/food-nutrients/images/000110.jpg
111,train,115.620003,4.48,4.54,9.9,data/processed/food-nutrients/images/000111.jpg
112,train,203.699997,25.578001,7.566,10.382,data/processed/food-nutrients/images/000112.jpg
113,train,151.479996,10.360001,0.392,11.759999,data/processed/food-nutrients/images/000113.jpg
114,val,85.470001,2.22,18.870001,0.111,data/processed/food-nutrients/images/000114.jpg
115,train,74.879997,20.16,0.432,0.288,data/processed/food-nutrients/images/000115.jpg
116,train,173.430008,6.72,6.81,14.85,data/processed/food-nutrients/images/000116.jpg
117,train,485.26001,39.459999,26.504,27.008999,data/processed/food-nutrients/images/000117.jpg
118,val,64.860001,0.658,16.92,0.188,data/processed/food-nutrients/images/000118.jpg
119,train,434.196014,24.318001,5.292,34.397999,data/processed/food-nutrients/images/000119.jpg
120,train,85.470001,2.22,18.870001,0.111,data/processed/food-nutrients/images/000120.jpg
121,train,584.526001,27.196001,41.082001,34.696999,data/processed/food-nutrients/images/000121.jpg
122,train,151.479996,10.360001,0.392,11.759999,data/processed/food-nutrients/images/000122.jpg
123,train,42.779999,0.434,11.160001,0.124,data/processed/food-nutrients/images/000123.jpg
124,val,132.962997,5.152,5.221,11.385,data/processed/food-nutrients/images/000124.jpg
125,train,203.314011,11.387,2.478,16.107,data/processed/food-nutrients/images/000125.jpg
126,train,39.27,1.02,8.67,0.051,data/processed/food-nutrients/images/000126.jpg
127,train,569.807007,28.353001,27.921001,39.426998,data/processed/food-nutrients/images/000127.jpg
128,train,30.940001,0.728,7.28,0.182,data/processed/food-nutrients/images/000128.jpg
129,train,76.589996,0.777,19.980001,0.222,data/processed/food-nutrients/images/000129.jpg
130,train,313.585999,17.563,3.822,24.843,data/processed/food-nutrients/images/000130.jpg
131,train,433.575012,16.800001,17.025,37.125,data/processed/food-nutrients/images/000131.jpg
132,train,854.690979,35.868004,48.107002,62.372002,data/processed/food-nutrients/images/000132.jpg
133,train,7.0,0.55,1.325,0.1,data/processed/food-nutrients/images/000133.jpg
134,train,91.970001,6.29,0.238,7.14,data/processed/food-nutrients/images/000134.jpg
135,train,39.329998,0.399,10.26,0.114,data/processed/food-nutrients/images/000135.jpg
136,train,74.879997,20.16,0.432,0.288,data/processed/food-nutrients/images/000136.jpg
137,val,46.969997,1.22,10.37,0.061,data/processed/food-nutrients/images/000137.jpg
138,train,260.149994,28.618999,22.625002,7.703,data/processed/food-nutrients/images/000138.jpg
139,train,74.360001,20.02,0.429,0.286,data/processed/food-nutrients/images/000139.jpg
140,train,242.802002,9.408,9.534,20.790001,data/processed/food-nutrients/images/000140.jpg
141,train,57.27,0.581,14.940001,0.166,data/processed/food-nutrients/images/000141.jpg
142,train,148.178009,8.299,1.806,11.739,data/processed/food-nutrients/images/000142.jpg
143,train,522.609985,38.307999,26.709002,32.981003,data/processed/food-nutrients/images/000143.jpg
144,train,687.939026,26.656,27.013,58.904999,data/processed/food-nutrients/images/000144.jpg
145,val,251.558014,14.089001,3.066,19.929001,data/processed/food-nutrients/images/000145.jpg
146,train,73.839996,19.879999,0.426,0.284,data/processed/food-nutrients/images/000146.jpg
147,train,1013.337036,60.625,30.505001,79.117996,data/processed/food-nutrients/images/000147.jpg
148,train,389.39801,21.809,4.746,30.849001,data/processed/food-nutrients/images/000148.jpg
149,test,69.0,0.7,18.0,0.2,data/processed/food-nutrients/images/000149.jpg
150,train,13.6,0.32,3.2,0.08,data/processed/food-nutrients/images/000150.jpg
151,train,416.231995,16.128,16.344,35.639999,data/processed/food-nutrients/images/000151.jpg
152,train,888.22998,38.957001,42.290001,66.768997,data/processed/food-nutrients/images/000152.jpg
153,train,5.6,0.44,1.06,0.08,data/processed/food-nutrients/images/000153.jpg
154,train,306.694,17.177,3.738,24.297001,data/processed/food-nutrients/images/000154.jpg
155,val,73.839996,19.879999,0.426,0.284,data/processed/food-nutrients/images/000155.jpg
156,train,386.134003,37.497002,5.224,24.661001,data/processed/food-nutrients/images/000156.jpg
157,train,687.939026,26.656,27.013,58.904999,data/processed/food-nutrients/images/000157.jpg
158,train,45.540001,0.462,11.88,0.132,data/processed/food-nutrients/images/000158.jpg
159,val,317.032013,17.756001,3.864,25.116001,data/processed/food-nutrients/images/000159.jpg
160,val,1050.511108,44.874004,42.757,84.153,data/processed/food-nutrients/images/000160.jpg
161,test,300.612,11.648001,11.804,25.74,data/processed/food-nutrients/images/000161.jpg
162,val,372.167999,20.844,4.536,29.484001,data/processed/food-nutrients/images/000162.jpg
163,train,48.990002,0.497,12.780001,0.142,data/processed/food-nutrients/images/000163.jpg
164,train,13.26,0.312,3.12,0.078,data/processed/food-nutrients/images/000164.jpg
165,train,735.030029,33.301003,32.240002,55.444,data/processed/food-nutrients/images/000165.jpg
166,train,206.76001,11.58,2.52,16.380001,data/processed/food-nutrients/images/000166.jpg
167,test,74.360001,20.02,0.429,0.286,data/processed/food-nutrients/images/000167.jpg
168,train,4.2,0.33,0.795,0.06,data/processed/food-nutrients/images/000168.jpg
169,train,335.298004,12.992001,13.166,28.710001,data/processed/food-nutrients/images/000169.jpg
170,train,51.060001,0.518,13.320001,0.148,data/processed/food-nutrients/images/000170.jpg
171,train,671.67804,45.440006,30.23,45.584,data/processed/food-nutrients/images/000171.jpg
172,train,389.39801,21.809,4.746,30.849001,data/processed/food-nutrients/images/000172.jpg
173,train,92.459999,0.938,24.120001,0.268,data/processed/food-nutrients/images/000173.jpg
174,train,393.108002,15.232,15.436,33.66,data/processed/food-nutrients/images/000174.jpg
175,train,874.966003,37.979,44.301998,64.777,data/processed/food-nutrients/images/000175.jpg
176,train,36.57,0.371,9.54,0.106,data/processed/food-nutrients/images/000176.jpg
177,train,323.736023,12.544001,12.712,27.720001,data/processed/food-nutrients/images/000177.jpg
178,train,227.436005,12.738,2.772,18.018,data/processed/food-nutrients/images/000178.jpg
179,train,16.32,0.384,3.84,0.096,data/processed/food-nutrients/images/000179.jpg
180,train,604.062073,26.037001,28.863998,45.939999,data/processed/food-nutrients/images/000180.jpg
181,train,74.360001,20.02,0.429,0.286,data/processed/food-nutrients/images/000181.jpg
182,test,385.952026,21.616001,4.704,30.576,data/processed/food-nutrients/images/000182.jpg
183,val,687.939026,26.656,27.013,58.904999,data/processed/food-nutrients/images/000183.jpg
184,train,1148.250977,68.292,32.146,89.766998,data/processed/food-nutrients/images/000184.jpg
185,train,92.459999,0.938,24.120001,0.268,data/processed/food-nutrients/images/000185.jpg
186,train,208.115997,8.064,8.172,17.82,data/processed/food-nutrients/images/000186.jpg
187,train,74.360001,20.02,0.429,0.286,data/processed/food-nutrients/images/000187.jpg
188,val,374.936005,29.021999,32.721001,18.373999,data/processed/food-nutrients/images/000188.jpg
189,train,35.880001,0.364,9.360001,0.104,data/processed/food-nutrients/images/000189.jpg
190,val,277.488007,10.752001,10.896,23.76,data/processed/food-nutrients/images/000190.jpg
191,train,385.952026,21.616001,4.704,30.576,data/processed/food-nutrients/images/000191.jpg
192,train,699.320068,32.732002,24.960001,54.440002,data/processed/food-nutrients/images/000192.jpg
193,train,7.56,0.594,1.431,0.108,data/processed/food-nutrients/images/000193.jpg
194,train,115.620003,4.48,4.54,9.9,data/processed/food-nutrients/images/000194.jpg
195,train,36.57,0.371,9.54,0.106,data/processed/food-nutrients/images/000195.jpg
196,train,182.638,10.229,2.226,14.469,data/processed/food-nutrients/images/000196.jpg
197,train,342.388,15.674,17.737,24.582998,data/processed/food-nutrients/images/000197.jpg
198,train,17.85,1.224,3.57,0.204,data/processed/food-nutrients/images/000198.jpg
199,train,16.43,0.954,3.71,0.053,data/processed/food-nutrients/images/000199.jpg
200,train,78.199997,0.544,4.284,7.276,data/processed/food-nutrients/images/000200.jpg
201,train,22.1,0.455,4.42,0.455,data/processed/food-nutrients/images/000201.jpg
202,train,113.849998,21.389999,0.0,2.484,data/processed/food-nutrients/images/000202.jpg
203,train,94.400002,1.18,5.31,8.85,data/processed/food-nutrients/images/000203.jpg
204,train,13.8,1.74,2.16,0.24,data/processed/food-nutrients/images/000204.jpg
205,val,356.629974,27.487001,23.453999,19.562,data/processed/food-nutrients/images/000205.jpg
206,train,60.799999,0.8,14.400001,0.0,data/processed/food-nutrients/images/000206.jpg
207,train,23.800001,0.56,5.6,0.14,data/processed/food-nutrients/images/000207.jpg
208,train,16.0,1.152,3.2,0.192,data/processed/food-nutrients/images/000208.jpg
209,train,172.604996,13.875,1.332,11.655,data/processed/food-nutrients/images/000209.jpg
210,train,273.204987,16.386999,24.532001,11.987,data/processed/food-nutrients/images/000210.jpg
211,val,3.22,0.406,0.504,0.056,data/processed/food-nutrients/images/000211.jpg
212,train,53.130001,0.539,13.860001,0.154,data/processed/food-nutrients/images/000212.jpg
213,train,294.830994,11.424001,11.577,25.245001,data/processed/food-nutrients/images/000213.jpg
214,train,351.181,12.369,25.941,25.455,data/processed/food-nutrients/images/000214.jpg
215,train,41.599998,0.864,8.96,0.096,data/processed/food-nutrients/images/000215.jpg
216,train,74.360001,0.429,20.02,0.286,data/processed/food-nutrients/images/000216.jpg
217,train,115.620003,4.48,4.54,9.9,data/processed/food-nutrients/images/000217.jpg
218,train,10.98,0.549,2.379,0.122,data/processed/food-nutrients/images/000218.jpg
219,train,28.98,0.294,7.56,0.084,data/processed/food-nutrients/images/000219.jpg
220,train,271.540009,6.616,43.459003,10.487999,data/processed/food-nutrients/images/000220.jpg
221,train,102.699997,2.133,22.120001,0.237,data/processed/food-nutrients/images/000221.jpg
222,train,208.115997,8.064,8.172,17.82,data/processed/food-nutrients/images/000222.jpg
223,train,58.650002,0.595,15.3,0.17,data/processed/food-nutrients/images/000223.jpg
224,train,11.52,0.576,2.496,0.128,data/processed/food-nutrients/images/000224.jpg
225,train,2.07,0.261,0.324,0.036,data/processed/food-nutrients/images/000225.jpg
226,train,383.055969,11.629001,48.411999,18.390999,data/processed/food-nutrients/images/000226.jpg
227,test,73.839996,0.426,19.879999,0.284,data/processed/food-nutrients/images/000227.jpg
228,train,25.530001,0.259,6.66,0.074,data/processed/food-nutrients/images/000228.jpg
229,train,40.709999,0.413,10.620001,0.118,data/processed/food-nutrients/images/000229.jpg
230,train,10.08,0.504,2.184,0.112,data/processed/food-nutrients/images/000230.jpg
231,train,1.84,0.232,0.288,0.032,data/processed/food-nutrients/images/000231.jpg
232,train,151.999985,1.834,39.632,0.62,data/processed/food-nutrients/images/000232.jpg
233,train,1.15,0.145,0.18,0.02,data/processed/food-nutrients/images/000233.jpg
234,train,87.629997,0.889,22.860001,0.254,data/processed/food-nutrients/images/000234.jpg
235,train,231.240005,8.96,9.08,19.799999,data/processed/food-nutrients/images/000235.jpg
236,train,10.98,0.549,2.379,0.122,data/processed/food-nutrients/images/000236.jpg
237,train,331.0,10.543,34.499001,20.195999,data/processed/food-nutrients/images/000237.jpg
238,train,2.99,0.377,0.468,0.052,data/processed/food-nutrients/images/000238.jpg
239,train,25.530001,0.259,6.66,0.074,data/processed/food-nutrients/images/000239.jpg
240,train,22.099998,0.459,4.76,0.051,data/processed/food-nutrients/images/000240.jpg
241,train,12.960001,0.648,2.808,0.144,data/processed/food-nutrients/images/000241.jpg
242,train,63.579998,1.743,14.696001,0.321,data/processed/food-nutrients/images/000242.jpg
243,train,20.880001,1.044,4.524,0.232,data/processed/food-nutrients/images/000243.jpg
244,train,42.09,0.427,10.98,0.122,data/processed/food-nutrients/images/000244.jpg
245,train,369.984009,14.336,14.528,31.68,data/processed/food-nutrients/images/000245.jpg
246,train,432.95401,15.807,30.032001,32.034,data/processed/food-nutrients/images/000246.jpg
247,test,12.32,0.968,2.332,0.176,data/processed/food-nutrients/images/000247.jpg
248,train,75.200005,0.94,4.23,7.05,data/processed/food-nutrients/images/000248.jpg
249,train,28.0,1.92,5.6,0.32,data/processed/food-nutrients/images/000249.jpg
250,train,15.785,0.693,2.618,0.231,data/processed/food-nutrients/images/000250.jpg
251,val,6.97,0.306,1.156,0.102,data/processed/food-nutrients/images/000251.jpg
252,train,12.1,1.705,1.815,0.165,data/processed/food-nutrients/images/000252.jpg
253,train,169.949997,31.93,0.0,3.708,data/processed/food-nutrients/images/000253.jpg
254,train,320.325012,38.461998,17.750999,11.752,data/processed/food-nutrients/images/000254.jpg
255,train,160.164993,12.875,1.236,10.815,data/processed/food-nutrients/images/000255.jpg
256,train,38.189999,0.469,9.38,0.201,data/processed/food-nutrients/images/000256.jpg
257,train,141.440002,4.992,24.959999,2.912,data/processed/food-nutrients/images/000257.jpg
258,train,198.354996,13.344,10.616,11.016,data/processed/food-nutrients/images/000258.jpg
259,train,73.839996,0.426,19.879999,0.284,data/processed/food-nutrients/images/000259.jpg
260,train,2.53,0.319,0.396,0.044,data/processed/food-nutrients/images/000260.jpg
261,val,254.364014,9.856,9.988,21.780001,data/processed/food-nutrients/images/000261.jpg
262,train,330.734009,10.601,30.264,22.108002,data/processed/food-nutrients/images/000262.jpg
263,train,70.199997,1.458,15.12,0.162,data/processed/food-nutrients/images/000263.jpg
264,val,73.919998,1.92,16.32,0.096,data/processed/food-nutrients/images/000264.jpg
265,train,2.53,0.319,0.396,0.044,data/processed/food-nutrients/images/000265.jpg
266,train,144.525009,5.6,5.675,12.375,data/processed/food-nutrients/images/000266.jpg
267,train,291.174988,9.297001,37.510998,12.676999,data/processed/food-nutrients/images/000267.jpg
268,train,97.5,2.025,21.0,0.225,data/processed/food-nutrients/images/000268.jpg
269,train,2.3,0.29,0.36,0.04,data/processed/food-nutrients/images/000269.jpg
270,val,20.700001,1.035,4.485,0.23,data/processed/food-nutrients/images/000270.jpg
271,val,73.150002,1.9,16.15,0.095,data/processed/food-nutrients/images/000271.jpg
272,train,45.540001,0.462,11.88,0.132,data/processed/food-nutrients/images/000272.jpg
273,train,239.190002,5.712,53.875004,0.722,data/processed/food-nutrients/images/000273.jpg
274,train,682.15802,26.432001,26.785999,58.41,data/processed/food-nutrients/images/000274.jpg
275,test,97.5,2.025,21.0,0.225,data/processed/food-nutrients/images/000275.jpg
276,train,2.3,0.29,0.36,0.04,data/processed/food-nutrients/images/000276.jpg
277,test,781.958008,28.747002,48.146,58.674999,data/processed/food-nutrients/images/000277.jpg
278,train,73.839996,0.426,19.879999,0.284,data/processed/food-nutrients/images/000278.jpg
279,test,127.182007,4.928,4.994,10.89,data/processed/food-nutrients/images/000279.jpg
280,train,28.98,0.294,7.56,0.084,data/processed/food-nutrients/images/000280.jpg
281,train,230.001999,5.648,32.433998,11.258,data/processed/food-nutrients/images/000281.jpg
282,train,70.330002,4.81,0.182,5.46,data/processed/food-nutrients/images/000282.jpg
283,train,31.92,0.392,7.84,0.168,data/processed/food-nutrients/images/000283.jpg
284,train,129.064499,1.677,30.573,0.129,data/processed/food-nutrients/images/000284.jpg
285,train,231.314499,6.879,38.595001,5.757,data/processed/food-nutrients/images/000285.jpg
286,test,111.959999,9.0,0.864,7.56,data/processed/food-nutrients/images/000286.jpg
287,val,24.6,0.54,6.0,0.12,data/processed/food-nutrients/images/000287.jpg
288,train,9.044001,0.854,0.448,0.476,data/processed/food-nutrients/images/000288.jpg
289,train,26.400002,0.56,6.4,0.24,data/processed/food-nutrients/images/000289.jpg
290,test,172.004013,10.954,13.712,8.396,data/processed/food-nutrients/images/000290.jpg
291,train,21.76,0.448,4.352,0.448,data/processed/food-nutrients/images/000291.jpg
292,train,225.459,8.736,8.853,19.305,data/processed/food-nutrients/images/000292.jpg
293,train,16.0,1.152,3.2,0.192,data/processed/food-nutrients/images/000293.jpg
294,test,263.218994,10.336,16.404999,19.945,data/processed/food-nutrients/images/000294.jpg
295,val,22.5,1.62,4.5,0.27,data/processed/food-nutrients/images/000295.jpg
296,train,4.2,0.33,0.795,0.06,data/processed/food-nutrients/images/000296.jpg
297,train,73.839996,0.426,19.879999,0.284,data/processed/food-nutrients/images/000297.jpg
298,train,100.539993,2.376,25.174999,0.614,data/processed/food-nutrients/images/000298.jpg
299,train,156.087006,6.048,6.129,13.365,data/processed/food-nutrients/images/000299.jpg
300,train,73.839996,0.426,19.879999,0.284,data/processed/food-nutrients/images/000300.jpg
301,test,51.75,0.525,13.500001,0.15,data/processed/food-nutrients/images/000301.jpg
302,train,12.75,0.918,2.55,0.153,data/processed/food-nutrients/images/000302.jpg
303,train,294.427002,7.917001,42.058998,13.952,data/processed/food-nutrients/images/000303.jpg
304,train,73.839996,0.426,19.879999,0.284,data/processed/food-nutrients/images/000304.jpg
305,train,670.596008,25.984001,26.332001,57.420002,data/processed/food-nutrients/images/000305.jpg
306,train,7.106,0.671,0.352,0.374,data/processed/food-nutrients/images/000306.jpg
307,train,751.541992,27.081001,46.563999,58.078003,data/processed/food-nutrients/images/000307.jpg
308,train,86.25,0.875,22.5,0.25,data/processed/food-nutrients/images/000308.jpg
309,train,29.92,0.704,7.04,0.176,data/processed/food-nutrients/images/000309.jpg
310,train,73.839996,0.426,19.879999,0.284,data/processed/food-nutrients/images/000310.jpg
311,train,190.009995,2.005,49.419998,0.71,data/processed/food-nutrients/images/000311.jpg
312,train,22.25,1.602,4.45,0.267,data/processed/food-nutrients/images/000312.jpg
313,train,196.554001,7.616,7.718,16.83,data/processed/food-nutrients/images/000313.jpg
314,test,73.839996,0.426,19.879999,0.284,data/processed/food-nutrients/images/000314.jpg
315,train,292.643982,9.644,32.048,17.381001,data/processed/food-nutrients/images/000315.jpg
316,train,118.832001,3.472,24.639999,2.688,data/processed/food-nutrients/images/000316.jpg
317,train,16.02,0.801,3.471,0.178,data/processed/food-nutrients/images/000317.jpg
318,train,80.079994,0.462,21.559999,0.308,data/processed/food-nutrients/images/000318.jpg
319,train,214.931992,4.735,49.670998,3.174,data/processed/food-nutrients/images/000319.jpg
320,val,72.148003,2.108,14.96,1.632,data/processed/food-nutrients/images/000320.jpg
321,train,33.66,0.792,7.92,0.198,data/processed/food-nutrients/images/000321.jpg
322,train,16.796001,1.586,0.832,0.884,data/processed/food-nutrients/images/000322.jpg
323,test,122.604004,4.486,23.712,2.714,data/processed/food-nutrients/images/000323.jpg
324,train,526.070984,20.384001,20.657,45.045002,data/processed/food-nutrients/images/000324.jpg
325,val,118.832001,3.472,24.639999,2.688,data/processed/food-nutrients/images/000325.jpg
326,train,20.159,0.589,4.18,0.456,data/processed/food-nutrients/images/000326.jpg
327,train,80.599998,0.465,21.700001,0.31,data/processed/food-nutrients/images/000327.jpg
328,train,16.02,0.801,3.471,0.178,data/processed/food-nutrients/images/000328.jpg
329,train,25.25,1.818,5.05,0.303,data/processed/food-nutrients/images/000329.jpg
330,train,34.849998,0.765,8.5,0.17,data/processed/food-nutrients/images/000330.jpg
331,train,176.878998,4.438,42.901001,1.417,data/processed/food-nutrients/images/000331.jpg
332,train,25.0,1.8,5.0,0.3,data/processed/food-nutrients/images/000332.jpg
333,test,78.514,2.294,16.280001,1.776,data/processed/food-nutrients/images/000333.jpg
334,train,55.899998,1.161,12.04,0.129,data/processed/food-nutrients/images/000334.jpg
335,train,60.839996,0.351,16.379999,0.234,data/processed/food-nutrients/images/000335.jpg
336,train,220.253998,5.606,49.700001,2.439,data/processed/food-nutrients/images/000336.jpg
337,train,20.159,0.589,4.18,0.456,data/processed/food-nutrients/images/000337.jpg
338,train,33.32,0.784,7.84,0.196,data/processed/food-nutrients/images/000338.jpg
339,test,52.028999,2.016,2.043,4.455,data/processed/food-nutrients/images/000339.jpg
340,train,93.839996,0.952,24.480001,0.272,data/processed/food-nutrients/images/000340.jpg
341,train,199.347992,4.341,38.542999,5.379,data/processed/food-nutrients/images/000341.jpg
342,train,24.0,1.728,4.8,0.288,data/processed/food-nutrients/images/000342.jpg
343,train,80.079994,0.462,21.559999,0.308,data/processed/food-nutrients/images/000343.jpg
344,train,16.02,0.801,3.471,0.178,data/processed/food-nutrients/images/000344.jpg
345,val,410.451019,15.904,16.117001,35.145,data/processed/food-nutrients/images/000345.jpg
346,train,530.551025,18.895,45.948002,35.918999,data/processed/food-nutrients/images/000346.jpg
347,train,60.839996,0.351,16.379999,0.234,data/processed/food-nutrients/images/000347.jpg
348,train,60.720001,0.616,15.84,0.176,data/processed/food-nutrients/images/000348.jpg
349,test,46.248001,1.792,1.816,3.96,data/processed/food-nutrients/images/000349.jpg
350,train,38.950001,0.855,9.5,0.19,data/processed/food-nutrients/images/000350.jpg
351,val,16.02,0.801,3.471,0.178,data/processed/food-nutrients/images/000351.jpg
352,train,222.778,4.415,47.007004,4.738,data/processed/food-nutrients/images/000352.jpg
353,train,11.04,0.112,2.88,0.032,data/processed/food-nutrients/images/000353.jpg
354,train,117.770996,3.441,24.42,2.664,data/processed/food-nutrients/images/000354.jpg
355,val,80.079994,0.462,21.559999,0.308,data/processed/food-nutrients/images/000355.jpg
356,train,739.968018,28.672001,29.056,63.360001,data/processed/food-nutrients/images/000356.jpg
357,train,948.859009,32.687,77.916,66.363998,data/processed/food-nutrients/images/000357.jpg
358,val,12.25,0.882,2.45,0.147,data/processed/food-nutrients/images/000358.jpg
359,train,80.079994,0.462,21.559999,0.308,data/processed/food-nutrients/images/000359.jpg
360,train,71.086998,2.077,14.74,1.608,data/processed/food-nutrients/images/000360.jpg
361,train,84.870003,0.861,22.140001,0.246,data/processed/food-nutrients/images/000361.jpg
362,train,248.286987,4.282,60.889999,2.309,data/processed/food-nutrients/images/000362.jpg
363,train,60.839996,0.351,16.379999,0.234,data/processed/food-nutrients/images/000363.jpg
364,test,40.59,0.891,9.900001,0.198,data/processed/food-nutrients/images/000364.jpg
365,train,55.899998,1.161,12.04,0.129,data/processed/food-nutrients/images/000365.jpg
366,val,190.309982,3.179,46.080002,0.755,data/processed/food-nutrients/images/000366.jpg
367,train,80.079994,0.462,21.559999,0.308,data/processed/food-nutrients/images/000367.jpg
368,train,22.68,1.134,4.914,0.252,data/processed/food-nutrients/images/000368.jpg
369,train,6.25,0.45,1.25,0.075,data/processed/food-nutrients/images/000369.jpg
370,train,89.010002,0.903,23.220001,0.258,data/processed/food-nutrients/images/000370.jpg
371,train,59.416,1.736,12.32,1.344,data/processed/food-nutrients/images/000371.jpg
372,train,257.436005,4.685,63.264,2.237,data/processed/food-nutrients/images/000372.jpg
373,train,19.32,0.196,5.04,0.056,data/processed/food-nutrients/images/000373.jpg
374,train,22.139999,0.486,5.4,0.108,data/processed/food-nutrients/images/000374.jpg
375,val,80.079994,0.462,21.559999,0.308,data/processed/food-nutrients/images/000375.jpg
376,train,238.25,4.554,56.199997,3.112,data/processed/food-nutrients/images/000376.jpg
377,train,24.5,1.764,4.9,0.294,data/processed/food-nutrients/images/000377.jpg
378,train,30.768999,0.899,6.38,0.696,data/processed/food-nutrients/images/000378.jpg
379,train,40.59,0.891,9.900001,0.198,data/processed/food-nutrients/images/000379.jpg
380,train,60.32,0.348,16.24,0.232,data/processed/food-nutrients/images/000380.jpg
381,train,156.179001,3.902,37.420002,1.42,data/processed/food-nutrients/images/000381.jpg
382,train,32.98,0.776,7.76,0.194,data/processed/food-nutrients/images/000382.jpg
383,train,60.32,0.348,16.24,0.232,data/processed/food-nutrients/images/000383.jpg
384,train,30.768999,0.899,6.38,0.696,data/processed/food-nutrients/images/000384.jpg
385,train,31.98,0.702,7.8,0.156,data/processed/food-nutrients/images/000385.jpg
386,val,156.049011,2.725,38.18,1.278,data/processed/food-nutrients/images/000386.jpg
387,train,121.401001,4.704,4.767,10.395,data/processed/food-nutrients/images/000387.jpg
388,train,116.709999,3.41,24.200001,2.64,data/processed/food-nutrients/images/000388.jpg
389,train,16.02,0.801,3.471,0.178,data/processed/food-nutrients/images/000389.jpg
390,train,16.02,0.801,3.471,0.178,data/processed/food-nutrients/images/000390.jpg
391,test,16.02,0.801,3.471,0.178,data/processed/food-nutrients/images/000391.jpg
392,train,254.130997,8.915,32.438004,13.213,data/processed/food-nutrients/images/000392.jpg
393,train,24.75,1.782,4.95,0.297,data/processed/food-nutrients/images/000393.jpg
394,train,20.059999,0.472,4.72,0.118,data/processed/food-nutrients/images/000394.jpg
395,train,23.369999,0.513,5.7,0.114,data/processed/food-nutrients/images/000395.jpg
396,train,68.18,2.767,15.370001,0.529,data/processed/food-nutrients/images/000396.jpg
397,val,10.440001,0.522,2.262,0.116,data/processed/food-nutrients/images/000397.jpg
398,val,21.76,0.512,5.12,0.128,data/processed/food-nutrients/images/000398.jpg
399,val,520.290039,20.16,20.43,44.549999,data/processed/food-nutrients/images/000399.jpg
400,train,552.490051,21.194,27.812,44.793999,data/processed/food-nutrients/images/000400.jpg
401,test,40.18,0.882,9.8,0.196,data/processed/food-nutrients/images/000401.jpg
402,train,60.32,0.348,16.24,0.232,data/processed/food-nutrients/images/000402.jpg
403,train,77.453003,2.263,16.059999,1.752,data/processed/food-nutrients/images/000403.jpg
404,train,177.953003,3.493,42.099998,2.18,data/processed/food-nutrients/images/000404.jpg
405,train,19.719999,0.464,4.64,0.116,data/processed/food-nutrients/images/000405.jpg
406,train,22.68,1.134,4.914,0.252,data/processed/food-nutrients/images/000406.jpg
407,train,63.48,0.644,16.560001,0.184,data/processed/food-nutrients/images/000407.jpg
408,train,42.400002,1.598,9.554,0.368,data/processed/food-nutrients/images/000408.jpg
409,train,105.879997,2.242,26.114,0.552,data/processed/food-nutrients/images/000409.jpg
410,test,105.880005,2.242,26.114,0.552,data/processed/food-nutrients/images/000410.jpg
411,train,14.349999,0.315,3.5,0.07,data/processed/food-nutrients/images/000411.jpg
412,train,80.079994,0.462,21.559999,0.308,data/processed/food-nutrients/images/000412.jpg
413,train,59.416,1.736,12.32,1.344,data/processed/food-nutrients/images/000413.jpg
414,val,153.845993,2.513,37.379997,1.722,data/processed/food-nutrients/images/000414.jpg
415,train,4.14,0.207,0.897,0.046,data/processed/food-nutrients/images/000415.jpg
416,train,60.32,0.348,16.24,0.232,data/processed/food-nutrients/images/000416.jpg
417,val,60.839996,0.351,16.379999,0.234,data/processed/food-nutrients/images/000417.jpg
418,train,60.32,0.348,16.24,0.232,data/processed/food-nutrients/images/000418.jpg
419,train,32.299999,0.76,7.6,0.19,data/processed/food-nutrients/images/000419.jpg
420,train,96.759995,1.315,24.737,0.468,data/processed/food-nutrients/images/000420.jpg
421,train,14.5,1.044,2.9,0.174,data/processed/food-nutrients/images/000421.jpg
422,train,80.079994,0.462,21.559999,0.308,data/processed/food-nutrients/images/000422.jpg
423,val,10.66,0.234,2.6,0.052,data/processed/food-nutrients/images/000423.jpg
424,train,105.23999,1.74,27.059999,0.534,data/processed/food-nutrients/images/000424.jpg
425,train,32.299999,0.76,7.6,0.19,data/processed/food-nutrients/images/000425.jpg
426,train,5.25,0.378,1.05,0.063,data/processed/food-nutrients/images/000426.jpg
427,train,21.73,0.477,5.3,0.106,data/processed/food-nutrients/images/000427.jpg
428,test,59.279999,1.615,13.95,0.359,data/processed/food-nutrients/images/000428.jpg
429,train,23.369999,0.513,5.7,0.114,data/processed/food-nutrients/images/000429.jpg
430,train,60.839996,0.351,16.379999,0.234,data/processed/food-nutrients/images/000430.jpg
431,train,12.42,0.621,2.691,0.138,data/processed/food-nutrients/images/000431.jpg
432,test,96.62999,1.485,24.771,0.486,data/processed/food-nutrients/images/000432.jpg
433,train,80.079994,0.462,21.559999,0.308,data/processed/food-nutrients/images/000433.jpg
434,train,3.28,0.072,0.8,0.016,data/processed/food-nutrients/images/000434.jpg
435,train,3.28,0.072,0.8,0.016,data/processed/food-nutrients/images/000435.jpg
436,train,116.709999,3.41,24.200001,2.64,data/processed/food-nutrients/images/000436.jpg
437,test,11.52,0.576,2.496,0.128,data/processed/food-nutrients/images/000437.jpg
438,val,211.589996,4.52,49.055996,3.092,data/processed/food-nutrients/images/000438.jpg
439,train,24.25,1.746,4.85,0.291,data/processed/food-nutrients/images/000439.jpg
440,test,19.719999,0.464,4.64,0.116,data/processed/food-nutrients/images/000440.jpg
441,train,59.416,1.736,12.32,1.344,data/processed/food-nutrients/images/000441.jpg
442,test,103.386002,3.946,21.809999,1.751,data/processed/food-nutrients/images/000442.jpg
443,train,116.709999,3.41,24.200001,2.64,data/processed/food-nutrients/images/000443.jpg
444,train,80.079994,0.462,21.559999,0.308,data/processed/food-nutrients/images/000444.jpg
445,train,18.360001,0.918,3.978,0.204,data/processed/food-nutrients/images/000445.jpg
446,val,13.75,0.99,2.75,0.165,data/processed/food-nutrients/images/000446.jpg
447,train,228.899994,5.78,52.488003,3.317,data/processed/food-nutrients/images/000447.jpg
448,train,39.360001,0.864,9.6,0.192,data/processed/food-nutrients/images/000448.jpg
449,train,38.950001,0.855,9.5,0.19,data/processed/food-nutrients/images/000449.jpg
450,test,23.0,1.656,4.6,0.276,data/processed/food-nutrients/images/000450.jpg
451,train,61.950001,2.511,14.1,0.466,data/processed/food-nutrients/images/000451.jpg
452,train,73.839996,0.426,19.879999,0.284,data/processed/food-nutrients/images/000452.jpg
453,train,73.839996,0.426,19.879999,0.284,data/processed/food-nutrients/images/000453.jpg
454,train,25.84,0.608,6.08,0.152,data/processed/food-nutrients/images/000454.jpg
455,train,24.25,1.746,4.85,0.291,data/processed/food-nutrients/images/000455.jpg
456,test,219.419983,5.57,50.610001,2.887,data/processed/food-nutrients/images/000456.jpg
457,train,10.25,0.738,2.05,0.123,data/processed/food-nutrients/images/000457.jpg
458,test,113.527,3.317,23.539999,2.568,data/processed/food-nutrients/images/000458.jpg
459,val,25.84,0.608,6.08,0.152,data/processed/food-nutrients/images/000459.jpg
460,train,132.962997,5.152,5.221,11.385,data/processed/food-nutrients/images/000460.jpg
461,train,282.580017,9.815001,36.890999,14.228001,data/processed/food-nutrients/images/000461.jpg
462,val,422.013,16.352001,16.570999,36.135002,data/processed/food-nutrients/images/000462.jpg
463,train,31.960001,0.752,7.52,0.188,data/processed/food-nutrients/images/000463.jpg
464,train,73.839996,0.426,19.879999,0.284,data/processed/food-nutrients/images/000464.jpg
465,train,19.26,0.963,4.173,0.214,data/processed/food-nutrients/images/000465.jpg
466,train,547.072998,18.493002,48.143997,36.821003,data/processed/food-nutrients/images/000466.jpg
467,train,265.925995,10.304,10.441999,22.77,data/processed/food-nutrients/images/000467.jpg
468,train,24.25,1.746,4.85,0.291,data/processed/food-nutrients/images/000468.jpg
469,train,73.839996,0.426,19.879999,0.284,data/processed/food-nutrients/images/000469.jpg
470,train,51.988998,1.519,10.78,1.176,data/processed/food-nutrients/images/000470.jpg
471,train,433.285004,14.859,49.695995,24.713001,data/processed/food-nutrients/images/000471.jpg
472,train,74.360001,0.429,20.02,0.286,data/processed/food-nutrients/images/000472.jpg
473,train,768.873047,29.792002,30.191,65.834999,data/processed/food-nutrients/images/000473.jpg
474,train,30.34,0.666,7.4,0.148,data/processed/food-nutrients/images/000474.jpg
475,train,14.25,1.026,2.85,0.171,data/processed/food-nutrients/images/000475.jpg
476,train,887.823059,31.913002,60.460999,66.440002,data/processed/food-nutrients/images/000476.jpg
477,train,20.0,1.44,4.0,0.24,data/processed/food-nutrients/images/000477.jpg
478,val,15.64,0.368,3.68,0.092,data/processed/food-nutrients/images/000478.jpg
479,train,73.839996,0.426,19.879999,0.284,data/processed/food-nutrients/images/000479.jpg
480,train,95.489998,2.79,19.799999,2.16,data/processed/food-nutrients/images/000480.jpg
481,train,29.52,0.648,7.2,0.144,data/processed/food-nutrients/images/000481.jpg
482,val,31.620001,0.744,7.44,0.186,data/processed/food-nutrients/images/000482.jpg
483,train,19.5,1.404,3.9,0.234,data/processed/food-nutrients/images/000483.jpg
484,train,19.26,0.963,4.173,0.214,data/processed/food-nutrients/images/000484.jpg
485,val,99.900002,3.759,22.713001,0.778,data/processed/food-nutrients/images/000485.jpg
486,train,11.160001,0.558,2.418,0.124,data/processed/food-nutrients/images/000486.jpg
487,train,18.700001,0.44,4.4,0.11,data/processed/food-nutrients/images/000487.jpg
488,val,37.720001,0.828,9.2,0.184,data/processed/food-nutrients/images/000488.jpg
489,train,95.489998,2.79,19.799999,2.16,data/processed/food-nutrients/images/000489.jpg
490,test,163.069992,4.616,35.818001,2.578,data/processed/food-nutrients/images/000490.jpg
491,test,24.25,1.746,4.85,0.291,data/processed/food-nutrients/images/000491.jpg
492,train,19.040001,0.448,4.48,0.112,data/processed/food-nutrients/images/000492.jpg
493,train,74.360001,0.429,20.02,0.286,data/processed/food-nutrients/images/000493.jpg
494,test,768.873047,29.792002,30.191,65.834999,data/processed/food-nutrients/images/000494.jpg
495,train,886.523071,32.415001,59.541,66.524002,data/processed/food-nutrients/images/000495.jpg
496,val,74.360001,0.429,20.02,0.286,data/processed/food-nutrients/images/000496.jpg
497,train,13.25,0.954,2.65,0.159,data/processed/food-nutrients/images/000497.jpg
498,train,11.160001,0.558,2.418,0.124,data/processed/food-nutrients/images/000498.jpg
499,test,26.860001,0.632,6.32,0.158,data/processed/food-nutrients/images/000499.jpg
500,train,179.210999,6.944,7.037,15.345,data/processed/food-nutrients/images/000500.jpg
501,train,304.841003,9.517,38.445,16.072001,data/processed/food-nutrients/images/000501.jpg
502,train,497.166016,19.264,19.521999,42.57,data/processed/food-nutrients/images/000502.jpg
503,val,24.25,1.746,4.85,0.291,data/processed/food-nutrients/images/000503.jpg
504,train,83.199997,0.48,22.4,0.32,data/processed/food-nutrients/images/000504.jpg
505,train,604.616028,21.49,46.771999,43.181,data/processed/food-nutrients/images/000505.jpg
506,train,37.720001,0.828,9.2,0.184,data/processed/food-nutrients/images/000506.jpg
507,train,19.75,1.422,3.95,0.237,data/processed/food-nutrients/images/000507.jpg
508,train,83.719994,0.483,22.540001,0.322,data/processed/food-nutrients/images/000508.jpg
509,train,8.46,0.423,1.833,0.094,data/processed/food-nutrients/images/000509.jpg
510,train,149.649994,3.156,37.523003,0.837,data/processed/food-nutrients/images/000510.jpg
511,train,30.75,0.675,7.5,0.15,data/processed/food-nutrients/images/000511.jpg
512,train,15.0,1.08,3.0,0.18,data/processed/food-nutrients/images/000512.jpg
513,train,25.84,0.608,6.08,0.152,data/processed/food-nutrients/images/000513.jpg
514,train,19.26,0.963,4.173,0.214,data/processed/food-nutrients/images/000514.jpg
515,val,51.988998,1.519,10.78,1.176,data/processed/food-nutrients/images/000515.jpg
516,train,142.838989,4.845,31.532999,1.872,data/processed/food-nutrients/images/000516.jpg
517,train,10.440001,0.522,2.262,0.116,data/processed/food-nutrients/images/000517.jpg
518,train,15.0,1.08,3.0,0.18,data/processed/food-nutrients/images/000518.jpg
519,train,15.0,1.08,3.0,0.18,data/processed/food-nutrients/images/000519.jpg
520,train,95.489998,2.79,19.799999,2.16,data/processed/food-nutrients/images/000520.jpg
521,train,439.356018,17.024,17.251999,37.619999,data/processed/food-nutrients/images/000521.jpg
522,train,560.286011,21.416,42.313999,40.076,data/processed/food-nutrients/images/000522.jpg
523,train,31.620001,0.744,7.44,0.186,data/processed/food-nutrients/images/000523.jpg
524,train,16.200001,0.81,3.51,0.18,data/processed/food-nutrients/images/000524.jpg
525,test,16.5,1.188,3.3,0.198,data/processed/food-nutrients/images/000525.jpg
526,val,51.988998,1.519,10.78,1.176,data/processed/food-nutrients/images/000526.jpg
527,val,51.988998,1.519,10.78,1.176,data/processed/food-nutrients/images/000527.jpg
528,test,74.360001,0.429,20.02,0.286,data/processed/food-nutrients/images/000528.jpg
529,train,22.780001,0.536,5.36,0.134,data/processed/food-nutrients/images/000529.jpg
530,train,15.99,0.351,3.9,0.078,data/processed/food-nutrients/images/000530.jpg
531,train,14.5,1.044,2.9,0.174,data/processed/food-nutrients/images/000531.jpg
532,train,179.618988,3.879,42.959999,1.848,data/processed/food-nutrients/images/000532.jpg
533,test,10.25,0.738,2.05,0.123,data/processed/food-nutrients/images/000533.jpg
534,test,38.130001,0.837,9.3,0.186,data/processed/food-nutrients/images/000534.jpg
535,test,95.489998,2.79,19.799999,2.16,data/processed/food-nutrients/images/000535.jpg
536,train,231.240005,8.96,9.08,19.799999,data/processed/food-nutrients/images/000536.jpg
537,train,375.109985,13.325,40.23,22.268999,data/processed/food-nutrients/images/000537.jpg
538,train,74.360001,0.429,20.02,0.286,data/processed/food-nutrients/images/000538.jpg
539,train,113.527,3.317,23.539999,2.568,data/processed/food-nutrients/images/000539.jpg
540,train,554.976013,21.504002,21.792,47.52,data/processed/food-nutrients/images/000540.jpg
541,train,14.75,1.062,2.95,0.177,data/processed/food-nutrients/images/000541.jpg
542,train,757.612976,26.312002,68.302002,50.550999,data/processed/food-nutrients/images/000542.jpg
543,train,19.26,0.963,4.173,0.214,data/processed/food-nutrients/images/000543.jpg
544,train,13.0,0.936,2.6,0.156,data/processed/food-nutrients/images/000544.jpg
545,val,294.830994,11.424001,11.577,25.245001,data/processed/food-nutrients/images/000545.jpg
546,train,31.620001,0.744,7.44,0.186,data/processed/food-nutrients/images/000546.jpg
547,train,358.710999,14.067,25.789999,25.801001,data/processed/food-nutrients/images/000547.jpg
548,train,50.740002,4.012,10.620001,0.354,data/processed/food-nutrients/images/000548.jpg
549,train,54.720001,0.76,13.68,0.152,data/processed/food-nutrients/images/000549.jpg
550,train,32.899998,2.256,6.58,0.376,data/processed/food-nutrients/images/000550.jpg
551,train,138.360001,7.028,30.880001,0.882,data/processed/food-nutrients/images/000551.jpg
552,train,19.75,1.422,3.95,0.237,data/processed/food-nutrients/images/000552.jpg
553,train,39.200001,2.688,7.84,0.448,data/processed/food-nutrients/images/000553.jpg
554,train,83.719994,0.483,22.540001,0.322,data/processed/food-nutrients/images/000554.jpg
555,test,142.669998,4.593,34.330002,1.007,data/processed/food-nutrients/images/000555.jpg
556,train,50.740002,4.012,10.620001,0.354,data/processed/food-nutrients/images/000556.jpg
557,train,83.719994,0.483,22.540001,0.322,data/processed/food-nutrients/images/000557.jpg
558,train,30.75,0.675,7.5,0.15,data/processed/food-nutrients/images/000558.jpg
559,val,416.231995,16.128,16.344,35.639999,data/processed/food-nutrients/images/000559.jpg
560,train,581.441956,21.298,57.004002,36.466,data/processed/food-nutrients/images/000560.jpg
561,train,456.699005,17.696001,17.933001,39.105,data/processed/food-nutrients/images/000561.jpg
562,val,43.0,3.4,9.0,0.3,data/processed/food-nutrients/images/000562.jpg
563,train,54.360001,0.755,13.59,0.151,data/processed/food-nutrients/images/000563.jpg
564,test,554.059021,21.851,40.523003,39.556,data/processed/food-nutrients/images/000564.jpg
565,val,763.092041,29.568001,29.964001,65.340004,data/processed/food-nutrients/images/000565.jpg
566,train,19.75,1.422,3.95,0.237,data/processed/food-nutrients/images/000566.jpg
567,train,33.950001,2.328,6.79,0.388,data/processed/food-nutrients/images/000567.jpg
568,train,816.792053,33.318001,40.704002,65.965004,data/processed/food-nutrients/images/000568.jpg
569,train,40.420002,3.196,8.46,0.282,data/processed/food-nutrients/images/000569.jpg
570,val,289.050018,11.200001,11.35,24.75,data/processed/food-nutrients/images/000570.jpg
571,train,19.75,1.422,3.95,0.237,data/processed/food-nutrients/images/000571.jpg
572,train,349.220032,15.818001,23.760002,25.268999,data/processed/food-nutrients/images/000572.jpg
573,train,50.310001,3.978,10.530001,0.351,data/processed/food-nutrients/images/000573.jpg
574,train,30.75,0.675,7.5,0.15,data/processed/food-nutrients/images/000574.jpg
575,train,83.719994,0.483,22.540001,0.322,data/processed/food-nutrients/images/000575.jpg
576,val,113.527,3.317,23.539999,2.568,data/processed/food-nutrients/images/000576.jpg
577,val,278.307007,8.453,64.110001,3.391,data/processed/food-nutrients/images/000577.jpg
578,train,108.199997,7.4,0.28,8.4,data/processed/food-nutrients/images/000578.jpg
579,train,108.199997,7.4,0.28,8.4,data/processed/food-nutrients/images/000579.jpg
580,train,71.440002,0.94,16.92,0.0,data/processed/food-nutrients/images/000580.jpg
581,train,26.730001,0.567,6.48,0.243,data/processed/food-nutrients/images/000581.jpg
582,train,206.369995,8.907001,23.68,8.643,data/processed/food-nutrients/images/000582.jpg
583,train,24.900002,0.498,6.308,0.166,data/processed/food-nutrients/images/000583.jpg
584,val,192.819992,15.5,1.488,13.02,data/processed/food-nutrients/images/000584.jpg
585,train,113.909996,8.73,0.93,8.429999,data/processed/food-nutrients/images/000585.jpg
586,train,56.239998,0.74,13.320001,0.0,data/processed/food-nutrients/images/000586.jpg
587,train,387.869995,25.468,22.046001,21.615999,data/processed/food-nutrients/images/000587.jpg
588,train,124.429993,8.51,0.322,9.66,data/processed/food-nutrients/images/000588.jpg
589,train,26.24,0.576,6.4,0.128,data/processed/food-nutrients/images/000589.jpg
590,train,281.454987,22.625,2.172,19.004999,data/processed/food-nutrients/images/000590.jpg
591,train,432.125,31.711,8.894,28.792999,data/processed/food-nutrients/images/000591.jpg
592,train,34.564575,0.671958,1.127364,3.284461,data/processed/food-nutrients/images/000592.jpg
593,train,2.53,0.319,0.396,0.044,data/processed/food-nutrients/images/000593.jpg
594,train,37.094574,0.990958,1.523364,3.328461,data/processed/food-nutrients/images/000594.jpg
595,train,40.73682,0.79195,1.328679,3.870972,data/processed/food-nutrients/images/000595.jpg
596,train,21.0,1.44,4.2,0.24,data/processed/food-nutrients/images/000596.jpg
597,val,2.99,0.377,0.468,0.052,data/processed/food-nutrients/images/000597.jpg
598,train,313.103912,32.684391,6.928988,15.885429,data/processed/food-nutrients/images/000598.jpg
599,train,189.349991,12.95,0.49,14.7,data/processed/food-nutrients/images/000599.jpg
600,train,25.194,2.379,1.248,1.326,data/processed/food-nutrients/images/000600.jpg
601,train,183.520004,12.400001,1.984,13.64,data/processed/food-nutrients/images/000601.jpg
602,train,398.063995,27.729,3.722,29.666,data/processed/food-nutrients/images/000602.jpg
603,train,24.5,0.245,6.37,0.049,data/processed/food-nutrients/images/000603.jpg
604,test,16.83,0.357,4.08,0.153,data/processed/food-nutrients/images/000604.jpg
605,val,64.919998,4.44,0.168,5.04,data/processed/food-nutrients/images/000605.jpg
606,train,83.599998,1.1,19.800001,0.0,data/processed/food-nutrients/images/000606.jpg
607,train,189.850006,6.142,30.417999,5.242,data/processed/food-nutrients/images/000607.jpg
608,train,33.990002,0.721,8.24,0.309,data/processed/food-nutrients/images/000608.jpg
609,train,172.604996,13.875,1.332,11.655,data/processed/food-nutrients/images/000609.jpg
610,train,145.800003,5.0328,21.762001,4.32,data/processed/food-nutrients/images/000610.jpg
611,train,352.39502,19.628799,31.334002,16.284,data/processed/food-nutrients/images/000611.jpg
612,train,115.544006,0.808,30.703999,0.202,data/processed/food-nutrients/images/000612.jpg
613,train,59.689999,1.143,15.24,0.127,data/processed/food-nutrients/images/000613.jpg
614,train,62.130001,0.763,15.26,0.327,data/processed/food-nutrients/images/000614.jpg
615,train,237.364014,2.714,61.203999,0.656,data/processed/food-nutrients/images/000615.jpg
616,val,61.559998,0.756,15.12,0.324,data/processed/food-nutrients/images/000616.jpg
617,train,9.2,1.16,1.44,0.16,data/processed/food-nutrients/images/000617.jpg
618,train,60.16,1.152,15.36,0.128,data/processed/food-nutrients/images/000618.jpg
619,train,130.919998,3.068,31.919998,0.612,data/processed/food-nutrients/images/000619.jpg
620,val,26.545507,0.479778,5.326569,0.638884,data/processed/food-nutrients/images/000620.jpg
621,train,60.16,1.152,15.36,0.128,data/processed/food-nutrients/images/000621.jpg
622,train,116.116005,0.812,30.855999,0.203,data/processed/food-nutrients/images/000622.jpg
623,train,202.821503,2.443778,51.542568,0.969884,data/processed/food-nutrients/images/000623.jpg
624,train,18.9,1.296,3.78,0.216,data/processed/food-nutrients/images/000624.jpg
625,train,20.646505,0.373161,4.142887,0.496909,data/processed/food-nutrients/images/000625.jpg
626,train,19.470001,0.413,4.72,0.177,data/processed/food-nutrients/images/000626.jpg
627,train,73.51651,3.126161,15.542887,1.063909,data/processed/food-nutrients/images/000627.jpg
628,train,116.116005,0.812,30.855999,0.203,data/processed/food-nutrients/images/000628.jpg
629,train,60.16,1.152,15.36,0.128,data/processed/food-nutrients/images/000629.jpg
630,train,25.070757,0.453124,5.030649,0.60339,data/processed/food-nutrients/images/000630.jpg
631,train,201.346771,2.417124,51.246647,0.93439,data/processed/food-nutrients/images/000631.jpg
632,train,26.053925,0.470893,5.227929,0.627052,data/processed/food-nutrients/images/000632.jpg
633,test,116.116005,0.812,30.855999,0.203,data/processed/food-nutrients/images/000633.jpg
634,train,659.033997,25.536001,25.878,56.43,data/processed/food-nutrients/images/000634.jpg
635,train,116.116005,0.812,30.855999,0.203,data/processed/food-nutrients/images/000635.jpg
636,train,26.053925,0.470893,5.227929,0.627052,data/processed/food-nutrients/images/000636.jpg
637,train,116.116005,0.812,30.855999,0.203,data/processed/food-nutrients/images/000637.jpg
638,train,289.050018,11.200001,11.35,24.75,data/processed/food-nutrients/images/000638.jpg
639,train,431.21994,12.482895,47.433929,25.580051,data/processed/food-nutrients/images/000639.jpg
640,train,113.066399,3.483331,9.832837,7.04521,data/processed/food-nutrients/images/000640.jpg
641,test,72.832504,1.415911,2.375517,6.920829,data/processed/food-nutrients/images/000641.jpg
642,test,469.942139,75.774841,6.330505,13.549142,data/processed/food-nutrients/images/000642.jpg
643,train,250.919998,2.601,33.149998,12.75,data/processed/food-nutrients/images/000643.jpg
644,val,906.761047,83.275085,51.688858,40.265182,data/processed/food-nutrients/images/000644.jpg
645,val,25.562342,0.462009,5.129289,0.615221,data/processed/food-nutrients/images/000645.jpg
646,train,115.544006,0.808,30.703999,0.202,data/processed/food-nutrients/images/000646.jpg
647,train,163.716354,3.405009,36.953289,2.007221,data/processed/food-nutrients/images/000647.jpg
648,train,60.989998,0.749,14.98,0.321,data/processed/food-nutrients/images/000648.jpg
649,train,59.689999,1.143,15.24,0.127,data/processed/food-nutrients/images/000649.jpg
650,val,14.25,1.026,2.85,0.171,data/processed/food-nutrients/images/000650.jpg
651,train,116.116005,0.812,30.855999,0.203,data/processed/food-nutrients/images/000651.jpg
652,train,251.04599,3.73,63.925999,0.822,data/processed/food-nutrients/images/000652.jpg
653,train,45.029999,0.553,11.06,0.237,data/processed/food-nutrients/images/000653.jpg
654,train,70.330002,4.81,0.182,5.46,data/processed/food-nutrients/images/000654.jpg
655,train,8.5,0.085,2.21,0.017,data/processed/food-nutrients/images/000655.jpg
656,train,72.959999,0.96,17.280001,0.0,data/processed/food-nutrients/images/000656.jpg
657,train,196.820007,6.408,30.732002,5.714,data/processed/food-nutrients/images/000657.jpg
658,train,482.108826,50.326538,10.669066,24.459951,data/processed/food-nutrients/images/000658.jpg
659,train,19.110001,0.833,3.822,0.441,data/processed/food-nutrients/images/000659.jpg
660,train,39.368401,0.531219,1.441863,3.721487,data/processed/food-nutrients/images/000660.jpg
661,test,540.587341,51.690758,15.932929,28.622438,data/processed/food-nutrients/images/000661.jpg
662,train,124.429993,8.51,0.322,9.66,data/processed/food-nutrients/images/000662.jpg
663,train,142.579987,8.895,4.722,9.825,data/processed/food-nutrients/images/000663.jpg
664,train,229.97998,10.045,25.422001,9.825,data/processed/food-nutrients/images/000664.jpg
665,train,296.926727,19.817259,4.042251,21.685364,data/processed/food-nutrients/images/000665.jpg
666,train,415.946747,27.957258,4.350251,30.925364,data/processed/food-nutrients/images/000666.jpg
667,val,436.946686,29.397259,8.55025,31.165363,data/processed/food-nutrients/images/000667.jpg
668,train,705.734741,44.451256,11.82625,52.459366,data/processed/food-nutrients/images/000668.jpg
669,test,12.95,0.888,2.59,0.148,data/processed/food-nutrients/images/000669.jpg
670,train,11.88,1.674,1.782,0.162,data/processed/food-nutrients/images/000670.jpg
671,train,16.368,2.158,2.64,0.184,data/processed/food-nutrients/images/000671.jpg
672,train,290.348022,13.488,36.630001,10.175,data/processed/food-nutrients/images/000672.jpg
673,train,360.832489,14.747198,39.46653,16.641808,data/processed/food-nutrients/images/000673.jpg
674,train,402.746216,15.597241,42.538006,19.749413,data/processed/food-nutrients/images/000674.jpg
675,test,194.405991,35.888,1.521,4.107,data/processed/food-nutrients/images/000675.jpg
676,train,230.485992,38.512001,5.047,5.829,data/processed/food-nutrients/images/000676.jpg
677,train,316.725983,41.438,22.757,5.983,data/processed/food-nutrients/images/000677.jpg
678,train,55.385956,1.123272,4.05874,4.106483,data/processed/food-nutrients/images/000678.jpg
679,train,140.562927,2.779168,6.836887,12.200334,data/processed/food-nutrients/images/000679.jpg
680,train,156.962936,3.499168,9.556887,12.440333,data/processed/food-nutrients/images/000680.jpg
681,train,450.561432,40.378578,14.105441,25.549509,data/processed/food-nutrients/images/000681.jpg
682,train,153.900009,5.3124,22.971003,4.56,data/processed/food-nutrients/images/000682.jpg
683,train,334.460022,17.5124,24.923002,17.98,data/processed/food-nutrients/images/000683.jpg
684,train,445.299988,18.3964,35.803001,25.459999,data/processed/food-nutrients/images/000684.jpg
685,train,469.059998,18.7264,41.743,25.525999,data/processed/food-nutrients/images/000685.jpg
686,train,290.139984,2.314,28.48,19.58,data/processed/food-nutrients/images/000686.jpg
687,test,512.140015,17.313999,30.879999,36.080002,data/processed/food-nutrients/images/000687.jpg
688,train,551.546021,21.035,32.832001,38.153999,data/processed/food-nutrients/images/000688.jpg
689,test,140.980011,5.83,17.49,5.141,data/processed/food-nutrients/images/000689.jpg
690,val,63.720001,0.885,15.93,0.177,data/processed/food-nutrients/images/000690.jpg
691,train,81.660004,1.067,20.610001,0.229,data/processed/food-nutrients/images/000691.jpg
692,train,125.660004,4.267,24.91,2.329,data/processed/food-nutrients/images/000692.jpg
693,train,13.33,1.054,2.79,0.093,data/processed/food-nutrients/images/000693.jpg
694,train,19.07,1.18,4.19,0.121,data/processed/food-nutrients/images/000694.jpg
695,train,28.970001,1.675,6.335,0.231,data/processed/food-nutrients/images/000695.jpg
696,train,36.970001,2.075,8.135,0.271,data/processed/food-nutrients/images/000696.jpg
697,train,39.370003,2.315,8.615,0.271,data/processed/food-nutrients/images/000697.jpg
698,train,75.812004,0.998628,2.976039,7.072568,data/processed/food-nutrients/images/000698.jpg
699,train,99.962006,2.654628,7.806039,7.348568,data/processed/food-nutrients/images/000699.jpg
700,train,108.642006,3.004627,9.871039,7.418569,data/processed/food-nutrients/images/000700.jpg
701,train,348.57666,26.293562,13.254406,21.192875,data/processed/food-nutrients/images/000701.jpg
702,train,169.694122,3.199019,5.269608,16.186766,data/processed/food-nutrients/images/000702.jpg
703,train,192.444122,4.75902,9.819608,16.446766,data/processed/food-nutrients/images/000703.jpg
704,train,552.346069,39.692425,14.894657,37.108223,data/processed/food-nutrients/images/000704.jpg
705,train,624.236084,43.010422,29.983656,37.50322,data/processed/food-nutrients/images/000705.jpg
706,test,89.376663,9.622075,6.143951,8.445811,data/processed/food-nutrients/images/000706.jpg
707,val,107.856659,10.966075,7.949951,9.32781,data/processed/food-nutrients/images/000707.jpg
708,val,61.089886,1.151647,1.897059,5.827236,data/processed/food-nutrients/images/000708.jpg
709,train,152.643005,1.968,36.161999,0.246,data/processed/food-nutrients/images/000709.jpg
710,train,227.313004,2.885,54.501999,0.639,data/processed/food-nutrients/images/000710.jpg
711,train,37.619999,0.462,9.24,0.198,data/processed/food-nutrients/images/000711.jpg
712,train,227.329987,15.712,10.704,13.007999,data/processed/food-nutrients/images/000712.jpg
713,train,309.235992,16.768,30.107998,13.139999,data/processed/food-nutrients/images/000713.jpg
714,val,451.635986,29.228001,32.778,22.040001,data/processed/food-nutrients/images/000714.jpg
715,train,43.279999,2.96,0.112,3.36,data/processed/food-nutrients/images/000715.jpg
716,train,103.699997,3.702,14.952001,3.678,data/processed/food-nutrients/images/000716.jpg
717,train,222.759506,5.249,43.154999,3.797,data/processed/food-nutrients/images/000717.jpg
718,test,73.599998,6.44,1.38,4.6,data/processed/food-nutrients/images/000718.jpg
719,train,96.389999,7.182,6.256,4.865,data/processed/food-nutrients/images/000719.jpg
720,train,163.423492,8.053,22.135,4.932,data/processed/food-nutrients/images/000720.jpg
721,test,339.543488,19.953001,24.039,18.021999,data/processed/food-nutrients/images/000721.jpg
722,train,357.043518,21.153002,27.539,18.222002,data/processed/food-nutrients/images/000722.jpg
723,train,18.799999,0.6,3.65,0.335,data/processed/food-nutrients/images/000723.jpg
724,train,45.019997,0.866,10.49,0.411,data/processed/food-nutrients/images/000724.jpg
725,val,73.110001,1.29,17.379999,0.57,data/processed/food-nutrients/images/000725.jpg
726,train,114.972008,0.804,30.551998,0.201,data/processed/food-nutrients/images/000726.jpg
727,train,163.962006,1.301,43.332001,0.343,data/processed/food-nutrients/images/000727.jpg
728,train,175.162018,2.069,45.571999,0.471,data/processed/food-nutrients/images/000728.jpg
729,train,11.2,0.768,2.24,0.128,data/processed/food-nutrients/images/000729.jpg
730,train,39.289997,1.192,9.13,0.287,data/processed/food-nutrients/images/000730.jpg
731,train,153.690002,1.992,39.529999,0.487,data/processed/food-nutrients/images/000731.jpg
732,test,306.393005,11.872001,12.031,26.235001,data/processed/food-nutrients/images/000732.jpg
733,train,334.483002,12.296,18.921,26.394001,data/processed/food-nutrients/images/000733.jpg
734,train,345.333008,13.040001,21.091,26.518002,data/processed/food-nutrients/images/000734.jpg
735,test,359.192993,13.334001,24.451,26.644001,data/processed/food-nutrients/images/000735.jpg
736,train,25.410002,0.539,6.16,0.231,data/processed/food-nutrients/images/000736.jpg
737,train,53.5,0.963,13.049999,0.39,data/processed/food-nutrients/images/000737.jpg
738,train,64.349998,1.707,15.219999,0.514,data/processed/food-nutrients/images/000738.jpg
739,train,111.269997,2.183,27.460001,0.65,data/processed/food-nutrients/images/000739.jpg
740,train,25.410002,0.539,6.16,0.231,data/processed/food-nutrients/images/000740.jpg
741,train,31.710001,0.971,7.42,0.303,data/processed/food-nutrients/images/000741.jpg
742,train,61.740002,1.751,14.05,0.342,data/processed/food-nutrients/images/000742.jpg
743,train,176.140015,2.551,44.450001,0.542,data/processed/food-nutrients/images/000743.jpg
744,train,25.410002,0.539,6.16,0.231,data/processed/food-nutrients/images/000744.jpg
745,train,139.810013,1.339,36.559998,0.431,data/processed/food-nutrients/images/000745.jpg
746,val,168.430008,1.771,43.579998,0.593,data/processed/food-nutrients/images/000746.jpg
747,train,312.955017,7.371,49.254997,12.968,data/processed/food-nutrients/images/000747.jpg
748,train,462.480011,17.92,18.16,39.599998,data/processed/food-nutrients/images/000748.jpg
749,test,518.369995,18.487,32.740002,39.761997,data/processed/food-nutrients/images/000749.jpg
750,train,529.220032,19.230999,34.91,39.885998,data/processed/food-nutrients/images/000750.jpg
751,train,55.889999,0.567,14.580001,0.162,data/processed/food-nutrients/images/000751.jpg
752,test,83.449997,0.983,21.34,0.318,data/processed/food-nutrients/images/000752.jpg
753,train,108.360001,1.359,27.450001,0.459,data/processed/food-nutrients/images/000753.jpg
754,train,98.959999,1.312,25.1,0.459,data/processed/food-nutrients/images/000754.jpg
755,train,55.889999,0.567,14.580001,0.162,data/processed/food-nutrients/images/000755.jpg
756,train,122.110001,2.287,29.200001,0.248,data/processed/food-nutrients/images/000756.jpg
757,train,132.959991,3.031,31.370003,0.372,data/processed/food-nutrients/images/000757.jpg
758,train,66.220001,1.72,14.62,0.086,data/processed/food-nutrients/images/000758.jpg
759,train,274.335999,9.784,22.792,17.906,data/processed/food-nutrients/images/000759.jpg
760,test,302.425995,10.208,29.681999,18.065001,data/processed/food-nutrients/images/000760.jpg
761,train,313.625977,10.976,31.922001,18.192999,data/processed/food-nutrients/images/000761.jpg
762,train,66.220001,1.72,14.62,0.086,data/processed/food-nutrients/images/000762.jpg
763,train,94.309998,2.144,21.51,0.245,data/processed/food-nutrients/images/000763.jpg
764,val,107.18,2.417,24.630001,0.362,data/processed/food-nutrients/images/000764.jpg
765,train,222.152008,3.221,55.181995,0.563,data/processed/food-nutrients/images/000765.jpg
766,train,208.141998,3.224,51.121998,0.322,data/processed/food-nutrients/images/000766.jpg
767,train,236.23201,3.648,58.011997,0.481,data/processed/food-nutrients/images/000767.jpg
768,train,11.2,0.768,2.24,0.128,data/processed/food-nutrients/images/000768.jpg
769,train,39.289997,1.192,9.13,0.287,data/processed/food-nutrients/images/000769.jpg
770,train,206.938995,7.688,15.712999,14.642001,data/processed/food-nutrients/images/000770.jpg
771,train,114.972008,0.804,30.551998,0.201,data/processed/food-nutrients/images/000771.jpg
772,train,126.172005,1.572,32.792,0.329,data/processed/food-nutrients/images/000772.jpg
773,train,154.262009,1.996,39.681999,0.488,data/processed/food-nutrients/images/000773.jpg
774,train,114.972008,0.804,30.551998,0.201,data/processed/food-nutrients/images/000774.jpg
775,train,126.172005,1.572,32.792,0.329,data/processed/food-nutrients/images/000775.jpg
776,train,322.726013,9.188,40.509998,17.159,data/processed/food-nutrients/images/000776.jpg
777,train,114.972008,0.804,30.551998,0.201,data/processed/food-nutrients/images/000777.jpg
778,test,82.832451,1.291914,3.110637,7.752181,data/processed/food-nutrients/images/000778.jpg
779,train,252.700012,10.45,31.35,9.215,data/processed/food-nutrients/images/000779.jpg
780,train,28.089998,0.424,6.89,0.159,data/processed/food-nutrients/images/000780.jpg
781,val,143.062012,1.228,37.441998,0.36,data/processed/food-nutrients/images/000781.jpg
782,train,189.292007,1.697,49.501999,0.494,data/processed/food-nutrients/images/000782.jpg
783,train,46.23,0.469,12.06,0.134,data/processed/food-nutrients/images/000783.jpg
784,train,381.528015,13.461,25.226002,28.844002,data/processed/food-nutrients/images/000784.jpg
785,train,495.928009,14.261001,55.626003,29.044003,data/processed/food-nutrients/images/000785.jpg
786,train,352.641022,13.664001,13.847,30.195,data/processed/food-nutrients/images/000786.jpg
787,val,467.613037,14.468,44.398998,30.396,data/processed/food-nutrients/images/000787.jpg
788,train,521.433044,15.014,58.438999,30.552,data/processed/food-nutrients/images/000788.jpg
789,train,549.52301,15.438001,65.328995,30.711,data/processed/food-nutrients/images/000789.jpg
790,train,271.707001,10.528,10.669,23.264999,data/processed/food-nutrients/images/000790.jpg
791,train,296.617004,11.005,17.028999,23.317999,data/processed/food-nutrients/images/000791.jpg
792,train,307.117004,11.725,19.129,23.438,data/processed/food-nutrients/images/000792.jpg
793,train,54.099998,3.7,0.14,4.2,data/processed/food-nutrients/images/000793.jpg
794,val,125.135506,4.623,16.966999,4.271,data/processed/food-nutrients/images/000794.jpg
795,train,88.349998,1.085,21.700001,0.465,data/processed/food-nutrients/images/000795.jpg
796,train,58.279999,1.116,14.88,0.124,data/processed/food-nutrients/images/000796.jpg
797,train,56.676903,3.716384,9.842957,1.420199,data/processed/food-nutrients/images/000797.jpg
798,train,115.066795,5.03466,12.20121,6.580434,data/processed/food-nutrients/images/000798.jpg
799,train,775.029236,54.541294,22.731771,51.820778,data/processed/food-nutrients/images/000799.jpg
800,train,25.08,1.824,2.451,1.197,data/processed/food-nutrients/images/000800.jpg
801,val,24.639999,1.792,2.408,1.176,data/processed/food-nutrients/images/000801.jpg
802,train,160.845459,18.901001,4.518153,7.257577,data/processed/food-nutrients/images/000802.jpg
803,train,202.445465,19.764999,13.478154,7.353578,data/processed/food-nutrients/images/000803.jpg
804,train,293.279999,12.48,33.279999,12.48,data/processed/food-nutrients/images/000804.jpg
805,val,451.753998,14.587999,50.211998,22.271999,data/processed/food-nutrients/images/000805.jpg
806,train,24.0,0.24,6.24,0.048,data/processed/food-nutrients/images/000806.jpg
807,val,43.800003,0.636,11.256,0.18,data/processed/food-nutrients/images/000807.jpg
808,train,120.560005,1.646,29.436001,0.18,data/processed/food-nutrients/images/000808.jpg
809,test,30.544943,0.575824,0.948529,2.913618,data/processed/food-nutrients/images/000809.jpg
810,train,144.716934,2.047824,27.996531,3.097618,data/processed/food-nutrients/images/000810.jpg
811,train,301.606934,12.777824,28.402531,15.277617,data/processed/food-nutrients/images/000811.jpg
812,train,497.719971,34.040001,1.288,38.639999,data/processed/food-nutrients/images/000812.jpg
813,train,676.799988,46.139999,3.224,51.949997,data/processed/food-nutrients/images/000813.jpg
814,train,980.047974,63.124001,6.92,75.973999,data/processed/food-nutrients/images/000814.jpg
815,train,566.840027,38.299999,6.128,42.130001,data/processed/food-nutrients/images/000815.jpg
816,test,942.454041,59.336998,10.706,71.887001,data/processed/food-nutrients/images/000816.jpg
817,train,93.749001,1.205,21.931,0.241,data/processed/food-nutrients/images/000817.jpg
818,train,145.150009,3.95,16.35,7.150001,data/processed/food-nutrients/images/000818.jpg
819,train,181.351425,4.632458,17.474182,10.603177,data/processed/food-nutrients/images/000819.jpg
820,test,193.880005,13.1,2.096,14.41,data/processed/food-nutrients/images/000820.jpg
821,train,362.734009,22.556999,4.154,27.786999,data/processed/food-nutrients/images/000821.jpg
822,train,401.494019,23.033001,13.674002,27.991001,data/processed/food-nutrients/images/000822.jpg
823,train,401.494019,23.033001,13.674002,27.991001,data/processed/food-nutrients/images/000823.jpg
824,val,587.794006,29.463799,41.481003,33.510998,data/processed/food-nutrients/images/000824.jpg
825,train,46.909065,0.911943,1.529994,4.457482,data/processed/food-nutrients/images/000825.jpg
826,train,58.741066,2.187943,3.791994,4.515482,data/processed/food-nutrients/images/000826.jpg
827,train,71.93322,2.5801,6.105719,4.986071,data/processed/food-nutrients/images/000827.jpg
828,test,330.740997,27.0408,9.966405,20.443512,data/processed/food-nutrients/images/000828.jpg
829,train,7.56,0.378,1.638,0.084,data/processed/food-nutrients/images/000829.jpg
830,test,39.600002,0.823,9.648001,0.173,data/processed/food-nutrients/images/000830.jpg
831,train,77.559998,4.983,10.636,2.669,data/processed/food-nutrients/images/000831.jpg
832,val,108.409973,9.205687,12.151617,6.256616,data/processed/food-nutrients/images/000832.jpg
833,train,117.181976,10.151685,13.828617,6.299616,data/processed/food-nutrients/images/000833.jpg
834,train,131.041962,12.104685,15.907618,6.488616,data/processed/food-nutrients/images/000834.jpg
835,train,157.99173,12.479585,17.011694,8.97491,data/processed/food-nutrients/images/000835.jpg
836,val,184.383316,13.026852,18.360016,11.224784,data/processed/food-nutrients/images/000836.jpg
837,train,291.633301,33.176849,18.360016,13.564784,data/processed/food-nutrients/images/000837.jpg
838,test,430.621216,40.699318,6.42366,25.719105,data/processed/food-nutrients/images/000838.jpg
839,train,556.721252,43.318321,33.583664,26.010103,data/processed/food-nutrients/images/000839.jpg
840,test,597.531189,44.518318,40.813663,26.680105,data/processed/food-nutrients/images/000840.jpg
841,train,661.441162,46.178318,54.923664,26.763107,data/processed/food-nutrients/images/000841.jpg
842,train,76.023148,10.405902,3.734912,8.840912,data/processed/food-nutrients/images/000842.jpg
843,train,408.523132,24.155903,44.984913,20.965912,data/processed/food-nutrients/images/000843.jpg
844,test,414.733154,24.938904,45.956913,21.073912,data/processed/food-nutrients/images/000844.jpg
845,train,421.465118,25.664904,47.243912,21.106911,data/processed/food-nutrients/images/000845.jpg
846,train,436.965942,26.125687,49.96254,21.659855,data/processed/food-nutrients/images/000846.jpg
847,train,16.02,0.801,3.471,0.178,data/processed/food-nutrients/images/000847.jpg
848,train,23.5,1.855,4.593,0.28,data/processed/food-nutrients/images/000848.jpg
849,train,41.639214,2.394216,7.774373,0.927059,data/processed/food-nutrients/images/000849.jpg
850,train,49.320004,0.685,12.330001,0.137,data/processed/food-nutrients/images/000850.jpg
851,test,349.449951,29.051191,16.807095,18.062435,data/processed/food-nutrients/images/000851.jpg
852,train,462.933777,44.584641,22.382402,31.259737,data/processed/food-nutrients/images/000852.jpg
853,train,555.932739,46.5131,27.133636,39.187859,data/processed/food-nutrients/images/000853.jpg
854,train,140.755188,2.918753,7.191059,11.999318,data/processed/food-nutrients/images/000854.jpg
855,train,146.875183,3.578753,8.361059,12.029318,data/processed/food-nutrients/images/000855.jpg
856,train,174.248901,4.392478,13.16204,13.005788,data/processed/food-nutrients/images/000856.jpg
857,train,207.098907,7.992478,14.017039,15.165788,data/processed/food-nutrients/images/000857.jpg
858,train,400.337677,11.468402,21.281317,33.12727,data/processed/food-nutrients/images/000858.jpg
859,train,143.540421,13.56644,2.14122,8.573035,data/processed/food-nutrients/images/000859.jpg
860,train,196.840424,14.67344,13.621221,8.696033,data/processed/food-nutrients/images/000860.jpg
861,test,211.92131,14.986163,14.39169,9.981677,data/processed/food-nutrients/images/000861.jpg
862,test,223.801331,15.850163,15.552691,10.548676,data/processed/food-nutrients/images/000862.jpg
863,train,55.050571,0.990234,2.069475,5.116934,data/processed/food-nutrients/images/000863.jpg
864,train,69.738571,2.574234,4.877475,5.188934,data/processed/food-nutrients/images/000864.jpg
865,train,92.058571,2.884234,10.457476,5.250934,data/processed/food-nutrients/images/000865.jpg
866,train,474.832947,39.061409,16.167395,28.112362,data/processed/food-nutrients/images/000866.jpg
867,test,132.666138,12.538679,1.979007,7.923563,data/processed/food-nutrients/images/000867.jpg
868,train,308.951691,36.668308,10.639672,28.424227,data/processed/food-nutrients/images/000868.jpg
869,train,333.635681,39.330307,15.358673,28.545227,data/processed/food-nutrients/images/000869.jpg
870,val,392.135712,40.545307,27.958673,28.680227,data/processed/food-nutrients/images/000870.jpg
871,train,411.967804,43.259884,28.932995,30.986551,data/processed/food-nutrients/images/000871.jpg
872,train,413.946655,43.318707,29.280058,31.057137,data/processed/food-nutrients/images/000872.jpg
873,train,7.956,0.858,1.521,0.039,data/processed/food-nutrients/images/000873.jpg
874,train,89.644272,2.551919,5.694383,7.00289,data/processed/food-nutrients/images/000874.jpg
875,train,25.134001,0.474,4.74,0.426,data/processed/food-nutrients/images/000875.jpg
876,train,177.003006,4.287,27.525,5.913,data/processed/food-nutrients/images/000876.jpg
877,train,2.21,0.255,0.374,0.034,data/processed/food-nutrients/images/000877.jpg
878,train,24.540001,0.835,5.304,0.063,data/processed/food-nutrients/images/000878.jpg
879,train,165.200012,10.455,5.668,10.983,data/processed/food-nutrients/images/000879.jpg
880,train,190.400009,11.379,10.077999,11.382001,data/processed/food-nutrients/images/000880.jpg
881,train,280.679993,17.479,11.053999,18.092001,data/processed/food-nutrients/images/000881.jpg
882,train,28.5,0.35,7.0,0.15,data/processed/food-nutrients/images/000882.jpg
883,train,41.419998,0.654,10.04,0.226,data/processed/food-nutrients/images/000883.jpg
884,train,51.919998,0.864,12.7,0.296,data/processed/food-nutrients/images/000884.jpg
885,train,66.419998,1.009,16.469999,0.325,data/processed/food-nutrients/images/000885.jpg
886,val,83.790001,1.029,20.58,0.441,data/processed/food-nutrients/images/000886.jpg
887,val,289.369995,15.089001,21.112,16.400999,data/processed/food-nutrients/images/000887.jpg
888,val,333.769989,16.717001,28.882,17.103998,data/processed/food-nutrients/images/000888.jpg
889,train,444.769989,24.217001,30.082001,25.354,data/processed/food-nutrients/images/000889.jpg
890,train,90.637001,1.165,21.202999,0.233,data/processed/food-nutrients/images/000890.jpg
891,train,87.761002,14.900001,5.364,0.596,data/processed/food-nutrients/images/000891.jpg
892,train,116.279999,1.428,28.559999,0.612,data/processed/food-nutrients/images/000892.jpg
893,test,172.779999,1.993,43.25,0.725,data/processed/food-nutrients/images/000893.jpg
894,train,237.639999,2.651,60.169998,0.913,data/processed/food-nutrients/images/000894.jpg
895,train,260.679993,2.971,65.93,0.977,data/processed/food-nutrients/images/000895.jpg
896,train,380.799988,26.071001,67.547005,1.439,data/processed/food-nutrients/images/000896.jpg
897,train,168.720001,11.400001,1.824,12.54,data/processed/food-nutrients/images/000897.jpg
898,train,244.421005,12.376,19.757999,12.662,data/processed/food-nutrients/images/000898.jpg
899,train,265.871002,12.831,24.958,12.856999,data/processed/food-nutrients/images/000899.jpg
900,train,509.321014,29.480999,25.587999,31.757,data/processed/food-nutrients/images/000900.jpg
901,val,51.000004,1.02,12.919999,0.34,data/processed/food-nutrients/images/000901.jpg
902,train,113.280006,1.885,28.49,0.513,data/processed/food-nutrients/images/000902.jpg
903,val,150.779999,2.26,38.239998,0.588,data/processed/food-nutrients/images/000903.jpg
904,train,313.079987,13.360001,38.66,13.188,data/processed/food-nutrients/images/000904.jpg
905,train,495.119995,25.66,40.627998,26.717999,data/processed/food-nutrients/images/000905.jpg
906,train,14.040001,0.195,3.51,0.039,data/processed/food-nutrients/images/000906.jpg
907,train,39.540001,0.45,10.139999,0.09,data/processed/food-nutrients/images/000907.jpg
908,test,62.340004,0.906,15.915999,0.242,data/processed/food-nutrients/images/000908.jpg
909,train,112.660004,4.306,16.460001,3.982,data/processed/food-nutrients/images/000909.jpg
910,train,171.316879,4.611491,17.637623,10.029442,data/processed/food-nutrients/images/000910.jpg
911,train,197.377884,4.947491,23.811623,10.071443,data/processed/food-nutrients/images/000911.jpg
912,train,198.937866,5.127491,24.075623,10.095443,data/processed/food-nutrients/images/000912.jpg
913,train,339.5979,14.747491,24.439625,21.015444,data/processed/food-nutrients/images/000913.jpg
914,train,94.527,1.215,22.112999,0.243,data/processed/food-nutrients/images/000914.jpg
915,val,142.09024,2.847845,5.810329,12.929943,data/processed/food-nutrients/images/000915.jpg
916,train,152.320267,3.441845,8.12033,12.962943,data/processed/food-nutrients/images/000916.jpg
917,train,329.716248,32.1376,10.521854,18.145134,data/processed/food-nutrients/images/000917.jpg
918,train,92.554443,14.971699,1.252969,2.703752,data/processed/food-nutrients/images/000918.jpg
919,train,115.954453,16.2197,5.698969,2.781752,data/processed/food-nutrients/images/000919.jpg
920,train,340.108368,39.618752,10.659495,14.154275,data/processed/food-nutrients/images/000920.jpg
921,train,389.068359,40.626755,20.451496,15.162277,data/processed/food-nutrients/images/000921.jpg
922,train,411.388397,41.922752,25.491495,15.234276,data/processed/food-nutrients/images/000922.jpg
923,train,591.07843,49.472755,63.241493,15.838277,data/processed/food-nutrients/images/000923.jpg
924,train,48.244003,0.63549,1.893843,4.500726,data/processed/food-nutrients/images/000924.jpg
925,train,54.444004,0.99549,3.293843,4.520726,data/processed/food-nutrients/images/000925.jpg
926,val,122.274002,3.84549,17.543842,4.748726,data/processed/food-nutrients/images/000926.jpg
927,train,318.821899,26.887257,24.92885,26.924074,data/processed/food-nutrients/images/000927.jpg
928,train,9.900001,0.495,2.145,0.11,data/processed/food-nutrients/images/000928.jpg
929,train,12.800001,0.785,2.725,0.11,data/processed/food-nutrients/images/000929.jpg
930,val,20.59,0.956,4.625,0.148,data/processed/food-nutrients/images/000930.jpg
931,train,25.550001,1.173,5.679,0.21,data/processed/food-nutrients/images/000931.jpg
932,train,60.200001,7.683,5.679,0.966,data/processed/food-nutrients/images/000932.jpg
933,train,69.12085,1.433316,3.531324,5.892522,data/processed/food-nutrients/images/000933.jpg
934,train,103.320847,1.908316,12.081323,5.987522,data/processed/food-nutrients/images/000934.jpg
935,train,115.100845,2.592316,14.741324,6.025522,data/processed/food-nutrients/images/000935.jpg
936,train,181.740845,5.392316,28.741323,6.249522,data/processed/food-nutrients/images/000936.jpg
937,train,360.679474,34.337601,31.163731,11.476776,data/processed/food-nutrients/images/000937.jpg
938,val,53.941677,1.081126,2.205773,4.908589,data/processed/food-nutrients/images/000938.jpg
939,train,60.97168,1.747126,3.574773,4.982589,data/processed/food-nutrients/images/000939.jpg
940,train,138.498901,10.835825,6.48775,13.729533,data/processed/food-nutrients/images/000940.jpg
941,train,180.938934,12.075824,15.287749,14.689533,data/processed/food-nutrients/images/000941.jpg
942,train,457.578918,23.515823,49.60775,24.777534,data/processed/food-nutrients/images/000942.jpg
943,train,26.391596,0.547266,1.348324,2.249872,data/processed/food-nutrients/images/000943.jpg
944,train,206.872757,29.742077,3.791613,7.522188,data/processed/food-nutrients/images/000944.jpg
945,train,210.282761,29.940079,4.561613,7.533189,data/processed/food-nutrients/images/000945.jpg
946,train,258.382751,30.939077,14.921614,7.644188,data/processed/food-nutrients/images/000946.jpg
947,train,205.283386,24.065845,7.713231,23.160921,data/processed/food-nutrients/images/000947.jpg
948,test,318.333374,28.815844,31.46323,23.540922,data/processed/food-nutrients/images/000948.jpg
949,test,351.583435,31.095846,38.113228,23.920921,data/processed/food-nutrients/images/000949.jpg
950,train,405.703369,35.031845,43.402229,26.503923,data/processed/food-nutrients/images/000950.jpg
951,train,67.098175,1.344815,2.743767,6.105806,data/processed/food-nutrients/images/000951.jpg
952,train,88.592773,1.750025,3.411251,8.15613,data/processed/food-nutrients/images/000952.jpg
953,train,113.672775,2.058025,9.571251,8.28813,data/processed/food-nutrients/images/000953.jpg
954,train,141.67276,2.338025,16.85125,8.34413,data/processed/food-nutrients/images/000954.jpg
955,train,183.252747,3.418025,26.031246,8.398129,data/processed/food-nutrients/images/000955.jpg
956,train,245.280746,6.892025,26.787249,13.31213,data/processed/food-nutrients/images/000956.jpg
957,train,359.240814,14.592025,28.019247,21.782129,data/processed/food-nutrients/images/000957.jpg
958,train,53.129997,1.38,11.73,0.069,data/processed/food-nutrients/images/000958.jpg
959,train,92.725296,2.126438,12.959577,3.845912,data/processed/food-nutrients/images/000959.jpg
960,train,276.665314,14.706437,13.435576,18.125912,data/processed/food-nutrients/images/000960.jpg
961,test,322.835297,15.273438,24.775576,18.368912,data/processed/food-nutrients/images/000961.jpg
962,val,663.989319,34.38044,28.933577,45.395912,data/processed/food-nutrients/images/000962.jpg
963,train,937.789368,52.88044,31.893578,65.745911,data/processed/food-nutrients/images/000963.jpg
964,train,87.761002,14.900001,5.364,0.596,data/processed/food-nutrients/images/000964.jpg
965,train,23.1,0.462,5.852,0.154,data/processed/food-nutrients/images/000965.jpg
966,val,15.3,0.306,3.876,0.102,data/processed/food-nutrients/images/000966.jpg
967,train,52.919998,0.768,13.115999,0.3,data/processed/food-nutrients/images/000967.jpg
968,train,91.68,1.278,22.296,0.3,data/processed/food-nutrients/images/000968.jpg
969,train,165.738342,20.611412,6.327587,18.348402,data/processed/food-nutrients/images/000969.jpg
970,train,196.53833,22.851414,9.337587,19.818401,data/processed/food-nutrients/images/000970.jpg
971,train,238.814514,23.615503,17.820642,20.835882,data/processed/food-nutrients/images/000971.jpg
972,train,384.044525,25.778503,36.360641,27.839884,data/processed/food-nutrients/images/000972.jpg
973,train,95.052574,1.847884,3.100251,9.032269,data/processed/food-nutrients/images/000973.jpg
974,train,110.802574,2.981884,6.250251,9.221268,data/processed/food-nutrients/images/000974.jpg
975,train,465.58374,63.606739,13.392922,16.740324,data/processed/food-nutrients/images/000975.jpg
976,train,509.826233,64.406372,22.27054,17.805128,data/processed/food-nutrients/images/000976.jpg
977,train,33.880001,2.464,3.311,1.617,data/processed/food-nutrients/images/000977.jpg
978,test,66.18,3.129,9.771001,2.282,data/processed/food-nutrients/images/000978.jpg
979,train,83.43,3.249,10.716001,3.887,data/processed/food-nutrients/images/000979.jpg
980,train,87.869995,3.353,11.636001,3.923,data/processed/food-nutrients/images/000980.jpg
981,train,254.657333,24.094866,18.003635,22.387531,data/processed/food-nutrients/images/000981.jpg
982,train,485.570892,63.553284,22.652529,27.281401,data/processed/food-nutrients/images/000982.jpg
983,train,560.300903,64.666275,32.192524,30.885406,data/processed/food-nutrients/images/000983.jpg
984,val,121.259995,1.806,15.48,5.848001,data/processed/food-nutrients/images/000984.jpg
985,train,140.009995,3.156,19.23,6.073,data/processed/food-nutrients/images/000985.jpg
986,test,219.529907,16.744329,20.830944,7.758307,data/processed/food-nutrients/images/000986.jpg
987,val,257.924927,17.404505,27.355255,8.887804,data/processed/food-nutrients/images/000987.jpg
988,train,37.869999,2.59,0.098,2.94,data/processed/food-nutrients/images/000988.jpg
989,val,72.639999,3.017,8.638,3.123,data/processed/food-nutrients/images/000989.jpg
990,val,108.628998,3.481,17.164,3.181,data/processed/food-nutrients/images/000990.jpg
991,train,292.229004,9.818601,44.568001,8.621,data/processed/food-nutrients/images/000991.jpg
992,train,71.268997,12.1,4.356,0.484,data/processed/food-nutrients/images/000992.jpg
993,train,78.925995,13.400001,4.824,0.536,data/processed/food-nutrients/images/000993.jpg
994,train,111.198997,12.947001,14.035999,0.847,data/processed/food-nutrients/images/000994.jpg
995,test,287.171997,12.096001,36.18,10.151999,data/processed/food-nutrients/images/000995.jpg
996,train,298.022003,12.840001,38.349998,10.275999,data/processed/food-nutrients/images/000996.jpg
997,train,357.152008,19.320002,39.889,14.164,data/processed/food-nutrients/images/000997.jpg
998,test,379.652008,20.939999,44.389,14.433999,data/processed/food-nutrients/images/000998.jpg
999,train,404.963837,22.861877,46.987759,15.423538,data/processed/food-nutrients/images/000999.jpg
1000,train,455.506744,23.491779,50.673687,19.443832,data/processed/food-nutrients/images/001000.jpg
1001,train,485.038239,23.906652,52.308964,21.99024,data/processed/food-nutrients/images/001001.jpg
1002,train,493.720886,24.172991,53.315128,22.37495,data/processed/food-nutrients/images/001002.jpg
1003,train,98.420006,4.07,12.21,3.589,data/processed/food-nutrients/images/001003.jpg
1004,train,111.020004,4.934,14.73,3.733,data/processed/food-nutrients/images/001004.jpg
1005,train,108.403069,10.820528,1.962151,6.012894,data/processed/food-nutrients/images/001005.jpg
1006,train,220.901733,12.222573,10.166318,14.96129,data/processed/food-nutrients/images/001006.jpg
1007,test,196.840012,8.14,24.42,7.178,data/processed/food-nutrients/images/001007.jpg
1008,val,298.019379,9.947558,28.491785,16.460997,data/processed/food-nutrients/images/001008.jpg
1009,train,332.749847,11.012909,32.516449,17.999836,data/processed/food-nutrients/images/001009.jpg
1010,train,723.409973,50.007645,39.587593,39.668941,data/processed/food-nutrients/images/001010.jpg
1011,train,479.399994,20.4,54.399998,20.4,data/processed/food-nutrients/images/001011.jpg
1012,train,70.825645,1.983562,7.729096,3.925041,data/processed/food-nutrients/images/001012.jpg
1013,test,102.825645,4.287562,14.129096,4.309042,data/processed/food-nutrients/images/001013.jpg
1014,train,314.865662,11.727562,61.249092,5.115041,data/processed/food-nutrients/images/001014.jpg
1015,val,346.339966,17.095364,61.690983,5.898491,data/processed/food-nutrients/images/001015.jpg
1016,train,432.244263,25.670122,63.245892,10.663426,data/processed/food-nutrients/images/001016.jpg
1017,train,13.5,0.972,2.7,0.162,data/processed/food-nutrients/images/001017.jpg
1018,train,25.655659,1.344873,4.108631,0.700594,data/processed/food-nutrients/images/001018.jpg
1019,train,256.89563,11.184874,30.348633,10.540594,data/processed/food-nutrients/images/001019.jpg
1020,train,428.704285,28.334389,33.458454,20.070465,data/processed/food-nutrients/images/001020.jpg
1021,train,512.111267,42.559067,34.629459,22.146605,data/processed/food-nutrients/images/001021.jpg
1022,test,35.926495,2.727821,3.688562,1.404505,data/processed/food-nutrients/images/001022.jpg
1023,val,47.213894,3.07406,4.996577,1.904628,data/processed/food-nutrients/images/001023.jpg
1024,train,118.031128,15.151614,5.990827,3.66739,data/processed/food-nutrients/images/001024.jpg
1025,train,365.517456,39.855083,10.470455,17.394941,data/processed/food-nutrients/images/001025.jpg
1026,train,8.853207,0.247945,0.966137,0.49063,data/processed/food-nutrients/images/001026.jpg
1027,train,101.702484,16.082962,2.26971,2.801806,data/processed/food-nutrients/images/001027.jpg
1028,test,111.832207,16.39369,3.44357,3.250635,data/processed/food-nutrients/images/001028.jpg
1029,train,136.532196,16.906691,8.76357,3.307635,data/processed/food-nutrients/images/001029.jpg
1030,train,41.040001,0.504,10.08,0.216,data/processed/food-nutrients/images/001030.jpg
1031,train,100.550003,4.574,10.234,4.836,data/processed/food-nutrients/images/001031.jpg
1032,val,177.492004,5.566,28.462002,4.96,data/processed/food-nutrients/images/001032.jpg
1033,train,379.992004,12.556001,58.687004,10.96,data/processed/food-nutrients/images/001033.jpg
1034,train,324.52002,13.42,40.260002,11.834001,data/processed/food-nutrients/images/001034.jpg
1035,train,364.529053,16.457802,44.367718,13.398108,data/processed/food-nutrients/images/001035.jpg
1036,train,389.264343,17.193094,48.705952,14.28046,data/processed/food-nutrients/images/001036.jpg
1037,train,668.084106,43.585083,53.686604,30.156406,data/processed/food-nutrients/images/001037.jpg
1038,train,47.939999,0.714,6.12,2.312,data/processed/food-nutrients/images/001038.jpg
1039,test,168.964127,20.427921,7.567453,5.855534,data/processed/food-nutrients/images/001039.jpg
1040,train,213.164108,21.345922,17.087454,5.957534,data/processed/food-nutrients/images/001040.jpg
1041,val,224.931168,21.53792,17.505606,7.066031,data/processed/food-nutrients/images/001041.jpg
1042,test,41.293011,0.746322,8.285774,0.993819,data/processed/food-nutrients/images/001042.jpg
1043,train,246.868225,34.232979,10.744461,7.012973,data/processed/food-nutrients/images/001043.jpg
1044,train,402.50766,37.306126,13.32338,22.432436,data/processed/food-nutrients/images/001044.jpg
1045,train,191.699997,6.6172,28.613001,5.68,data/processed/food-nutrients/images/001045.jpg
1046,test,268.459991,7.6272,46.792999,5.68,data/processed/food-nutrients/images/001046.jpg
1047,train,352.820007,8.6632,67.513,6.124001,data/processed/food-nutrients/images/001047.jpg
1048,train,153.919998,10.400001,1.664,11.44,data/processed/food-nutrients/images/001048.jpg
1049,train,171.069992,11.576,5.094,11.636,data/processed/food-nutrients/images/001049.jpg
1050,val,192.519989,12.031,10.294001,11.830999,data/processed/food-nutrients/images/001050.jpg
1051,test,249.519989,12.781,23.794003,11.830999,data/processed/food-nutrients/images/001051.jpg
1052,train,75.243256,1.078271,6.022747,5.829186,data/processed/food-nutrients/images/001052.jpg
1053,train,145.313232,4.312272,20.729744,6.214187,data/processed/food-nutrients/images/001053.jpg
1054,train,171.213257,6.088271,25.909744,6.510186,data/processed/food-nutrients/images/001054.jpg
1055,train,482.983063,45.270073,30.18502,20.768675,data/processed/food-nutrients/images/001055.jpg
1056,test,55.025124,2.992605,7.088692,2.003546,data/processed/food-nutrients/images/001056.jpg
1057,train,3943.325195,83.749603,844.568604,10.976549,data/processed/food-nutrients/images/001057.jpg
1058,test,326.338562,41.01273,4.475055,14.924776,data/processed/food-nutrients/images/001058.jpg
1059,train,37.84,2.752,3.698,1.806,data/processed/food-nutrients/images/001059.jpg
1060,train,42.389999,3.064,4.608,1.858,data/processed/food-nutrients/images/001060.jpg
1061,train,96.990005,5.584,16.068001,2.158,data/processed/food-nutrients/images/001061.jpg
1062,train,233.935638,22.794699,17.945927,8.421075,data/processed/food-nutrients/images/001062.jpg
1063,train,348.272644,27.610699,32.350925,12.463076,data/processed/food-nutrients/images/001063.jpg
1064,train,124.670006,5.754,26.167,0.685,data/processed/food-nutrients/images/001064.jpg
1065,val,102.789993,7.03,0.266,7.98,data/processed/food-nutrients/images/001065.jpg
1066,train,290.75,19.73,2.298,21.950001,data/processed/food-nutrients/images/001066.jpg
1067,train,317.779999,20.341999,8.418,22.307001,data/processed/food-nutrients/images/001067.jpg
1068,train,338.179993,20.822001,13.217999,22.427,data/processed/food-nutrients/images/001068.jpg
1069,train,109.018997,4.592,13.735001,3.854,data/processed/food-nutrients/images/001069.jpg
1070,train,141.018997,4.912,22.055,3.918,data/processed/food-nutrients/images/001070.jpg
1071,train,145.30899,5.407,22.781,3.984,data/processed/food-nutrients/images/001071.jpg
1072,train,162.078995,6.733,26.291,4.101,data/processed/food-nutrients/images/001072.jpg
1073,train,194.199005,10.253,27.127001,6.213,data/processed/food-nutrients/images/001073.jpg
1074,train,323.673248,25.286839,30.939053,11.623275,data/processed/food-nutrients/images/001074.jpg
1075,train,468.412384,36.67416,39.183205,18.522783,data/processed/food-nutrients/images/001075.jpg
1076,train,538.466736,37.730045,44.77372,23.648355,data/processed/food-nutrients/images/001076.jpg
1077,train,46.464848,3.046765,8.06945,1.164307,data/processed/food-nutrients/images/001077.jpg
1078,train,93.914848,8.246765,9.30445,4.284307,data/processed/food-nutrients/images/001078.jpg
1079,train,265.507263,28.171125,14.35657,11.454553,data/processed/food-nutrients/images/001079.jpg
1080,train,399.430664,31.093739,26.884327,20.405451,data/processed/food-nutrients/images/001080.jpg
1081,test,42.458584,3.223788,4.35921,1.65987,data/processed/food-nutrients/images/001081.jpg
1082,val,186.683746,6.371217,17.850639,11.299298,data/processed/food-nutrients/images/001082.jpg
1083,train,226.000137,8.949248,24.678637,12.284481,data/processed/food-nutrients/images/001083.jpg
1084,train,508.347748,41.733879,32.991673,24.082794,data/processed/food-nutrients/images/001084.jpg
1085,train,101.142975,7.957409,5.760973,4.821342,data/processed/food-nutrients/images/001085.jpg
1086,train,182.259399,17.376198,8.149249,8.210912,data/processed/food-nutrients/images/001086.jpg
1087,train,256.359406,18.915199,24.109251,8.381912,data/processed/food-nutrients/images/001087.jpg
1088,train,307.868378,20.03928,28.927616,11.824565,data/processed/food-nutrients/images/001088.jpg
1089,val,47.093922,1.027732,4.405365,3.147569,data/processed/food-nutrients/images/001089.jpg
1090,train,121.193924,2.566732,20.365366,3.318568,data/processed/food-nutrients/images/001090.jpg
1091,train,24.300001,0.486,6.156,0.162,data/processed/food-nutrients/images/001091.jpg
1092,val,58.5,0.906,14.556,0.342,data/processed/food-nutrients/images/001092.jpg
1093,train,118.540001,1.696,28.776001,0.342,data/processed/food-nutrients/images/001093.jpg
1094,train,19.698,0.402,5.025,0.067,data/processed/food-nutrients/images/001094.jpg
1095,train,232.5,9.393001,45.57,1.395,data/processed/food-nutrients/images/001095.jpg
1096,train,300.100006,9.783001,63.77,1.655,data/processed/food-nutrients/images/001096.jpg
1097,train,42.371025,0.820393,2.258935,3.643008,data/processed/food-nutrients/images/001097.jpg
1098,train,177.980042,6.532393,19.343935,8.437008,data/processed/food-nutrients/images/001098.jpg
1099,test,185.180023,7.060393,20.639935,8.629007,data/processed/food-nutrients/images/001099.jpg
1100,train,361.765411,22.204132,23.611561,19.948797,data/processed/food-nutrients/images/001100.jpg
1101,train,370.755463,22.726137,25.641567,19.9778,data/processed/food-nutrients/images/001101.jpg
1102,train,119.654999,5.04,15.075001,4.23,data/processed/food-nutrients/images/001102.jpg
1103,train,128.098618,5.454762,16.327492,4.566122,data/processed/food-nutrients/images/001103.jpg
1104,train,281.281128,18.591501,18.905287,14.385699,data/processed/food-nutrients/images/001104.jpg
1105,train,175.746002,9.843,2.142,13.923,data/processed/food-nutrients/images/001105.jpg
1106,train,187.296005,10.635,4.452,14.055,data/processed/food-nutrients/images/001106.jpg
1107,train,208.746002,11.09,9.651999,14.25,data/processed/food-nutrients/images/001107.jpg
1108,train,395.225983,23.690001,11.667999,28.110001,data/processed/food-nutrients/images/001108.jpg
1109,train,42.75,0.525,10.5,0.225,data/processed/food-nutrients/images/001109.jpg
1110,train,126.004929,0.9586,12.171466,8.808466,data/processed/food-nutrients/images/001110.jpg
1111,train,149.804916,2.5906,16.931465,9.080466,data/processed/food-nutrients/images/001111.jpg
1112,train,354.044922,16.3906,19.139467,24.260466,data/processed/food-nutrients/images/001112.jpg
1113,train,500.114899,26.380598,19.517466,35.600468,data/processed/food-nutrients/images/001113.jpg
1114,val,31.800001,0.636,8.056,0.212,data/processed/food-nutrients/images/001114.jpg
1115,train,84.239998,1.28,20.936001,0.488,data/processed/food-nutrients/images/001115.jpg
1116,train,172.480011,19.360001,5.984,7.568,data/processed/food-nutrients/images/001116.jpg
1117,test,234.040009,20.116001,21.104,7.892,data/processed/food-nutrients/images/001117.jpg
1118,train,271.540009,20.491001,30.854,7.967,data/processed/food-nutrients/images/001118.jpg
1119,val,17.15,1.176,3.43,0.196,data/processed/food-nutrients/images/001119.jpg
1120,train,188.830002,12.776,5.286,12.956,data/processed/food-nutrients/images/001120.jpg
1121,train,280.799988,19.066,5.524,20.096001,data/processed/food-nutrients/images/001121.jpg
1122,train,366.069214,32.327785,6.257735,23.856789,data/processed/food-nutrients/images/001122.jpg
1123,val,410.311737,33.127415,15.13535,24.921593,data/processed/food-nutrients/images/001123.jpg
1124,train,511.373352,34.533295,19.275635,34.245193,data/processed/food-nutrients/images/001124.jpg
1125,train,543.92334,36.765293,25.785635,34.617195,data/processed/food-nutrients/images/001125.jpg
1126,train,31.843937,2.417841,3.269407,1.244902,data/processed/food-nutrients/images/001126.jpg
1127,val,97.600792,13.654346,4.593264,2.638521,data/processed/food-nutrients/images/001127.jpg
1128,train,156.428101,14.763338,6.420062,8.249931,data/processed/food-nutrients/images/001128.jpg
1129,train,178.278091,14.915339,7.617062,10.282932,data/processed/food-nutrients/images/001129.jpg
1130,train,18.549999,1.272,3.71,0.212,data/processed/food-nutrients/images/001130.jpg
1131,train,206.645203,33.413628,7.496847,4.198396,data/processed/food-nutrients/images/001131.jpg
1132,train,265.983459,34.985947,12.105439,8.393058,data/processed/food-nutrients/images/001132.jpg
1133,train,332.063477,37.227947,25.67544,8.511059,data/processed/food-nutrients/images/001133.jpg
1134,train,82.429001,3.472,10.385,2.914,data/processed/food-nutrients/images/001134.jpg
1135,train,197.121201,23.070551,12.694054,5.344729,data/processed/food-nutrients/images/001135.jpg
1136,train,213.343475,23.363749,15.94918,5.735158,data/processed/food-nutrients/images/001136.jpg
1137,test,270.881866,24.140146,18.056519,11.174254,data/processed/food-nutrients/images/001137.jpg
1138,train,287.331848,25.268143,21.346516,11.362256,data/processed/food-nutrients/images/001138.jpg
1139,train,17.205421,0.310967,3.452406,0.414091,data/processed/food-nutrients/images/001139.jpg
1140,train,184.905411,3.793967,39.572407,0.801091,data/processed/food-nutrients/images/001140.jpg
1141,train,273.385437,6.795967,57.742405,0.959091,data/processed/food-nutrients/images/001141.jpg
1142,train,44.347641,7.578107,0.892834,0.939882,data/processed/food-nutrients/images/001142.jpg
1143,train,73.879166,7.992981,2.528108,3.48629,data/processed/food-nutrients/images/001143.jpg
1144,train,88.626671,8.259524,5.487313,3.841226,data/processed/food-nutrients/images/001144.jpg
1145,train,127.826668,9.589523,13.537315,3.911226,data/processed/food-nutrients/images/001145.jpg
1146,test,64.409996,0.791,15.82,0.339,data/processed/food-nutrients/images/001146.jpg
1147,train,125.161995,5.447,16.316,4.835,data/processed/food-nutrients/images/001147.jpg
1148,train,155.161987,5.747,24.115999,4.895,data/processed/food-nutrients/images/001148.jpg
1149,train,285.402008,14.547001,25.524,14.575,data/processed/food-nutrients/images/001149.jpg
1150,train,200.169998,13.690001,0.518,15.54,data/processed/food-nutrients/images/001150.jpg
1151,train,354.089996,24.09,2.182,26.98,data/processed/food-nutrients/images/001151.jpg
1152,train,462.057007,25.482,27.759998,27.153999,data/processed/food-nutrients/images/001152.jpg
1153,train,496.617004,25.962002,36.400002,27.25,data/processed/food-nutrients/images/001153.jpg
1154,train,31.45747,0.565848,1.182557,2.923962,data/processed/food-nutrients/images/001154.jpg
1155,train,166.137466,18.301338,5.614334,18.455791,data/processed/food-nutrients/images/001155.jpg
1156,train,236.347488,21.251337,20.364334,18.691792,data/processed/food-nutrients/images/001156.jpg
1157,train,251.097473,22.313339,23.314337,18.868792,data/processed/food-nutrients/images/001157.jpg
1158,test,48.309685,0.868981,1.81607,4.490371,data/processed/food-nutrients/images/001158.jpg
1159,train,250.165695,6.884981,40.08807,7.306371,data/processed/food-nutrients/images/001159.jpg
1160,train,488.636322,37.193401,49.120712,15.686282,data/processed/food-nutrients/images/001160.jpg
1161,test,648.180298,58.203133,54.370659,34.085533,data/processed/food-nutrients/images/001161.jpg
1162,train,271.320007,11.528,52.377998,2.954,data/processed/food-nutrients/images/001162.jpg
1163,train,13.64,0.992,1.333,0.651,data/processed/food-nutrients/images/001163.jpg
1164,train,81.950653,10.342231,4.689008,8.595007,data/processed/food-nutrients/images/001164.jpg
1165,train,105.605652,11.047231,9.174008,8.925008,data/processed/food-nutrients/images/001165.jpg
1166,train,113.130577,11.278057,10.046018,9.258422,data/processed/food-nutrients/images/001166.jpg
1167,train,130.851608,2.54384,4.267878,12.434031,data/processed/food-nutrients/images/001167.jpg
1168,train,162.687851,3.520412,7.95715,13.844637,data/processed/food-nutrients/images/001168.jpg
1169,train,185.437851,5.158412,12.507152,14.117637,data/processed/food-nutrients/images/001169.jpg
1170,train,26.1,0.522,6.612,0.174,data/processed/food-nutrients/images/001170.jpg
1171,train,142.754013,2.026,34.248001,0.362,data/processed/food-nutrients/images/001171.jpg
1172,train,93.235489,2.220979,4.701405,7.88034,data/processed/food-nutrients/images/001172.jpg
1173,test,22.0,1.6,2.15,1.05,data/processed/food-nutrients/images/001173.jpg
1174,train,61.502373,2.367952,3.438416,4.80367,data/processed/food-nutrients/images/001174.jpg
1175,train,84.002373,3.987952,7.938416,5.07367,data/processed/food-nutrients/images/001175.jpg
1176,train,203.657364,9.027951,23.013418,9.303671,data/processed/food-nutrients/images/001176.jpg
1177,train,363.61377,24.553905,25.268995,18.486538,data/processed/food-nutrients/images/001177.jpg
1178,train,32.980392,0.980392,5.784314,1.176471,data/processed/food-nutrients/images/001178.jpg
1179,val,117.602783,13.90319,7.020422,4.01018,data/processed/food-nutrients/images/001179.jpg
1180,train,29.626781,0.575964,0.966312,2.815253,data/processed/food-nutrients/images/001180.jpg
1181,test,74.852959,1.653304,3.246844,6.637806,data/processed/food-nutrients/images/001181.jpg
1182,test,182.258301,18.055315,4.81575,10.234437,data/processed/food-nutrients/images/001182.jpg
1183,train,50.130196,1.490196,8.792157,1.788235,data/processed/food-nutrients/images/001183.jpg
1184,train,354.445312,47.962563,13.237388,11.978688,data/processed/food-nutrients/images/001184.jpg
1185,train,421.936707,49.57029,16.640642,17.683113,data/processed/food-nutrients/images/001185.jpg
1186,val,42.75,3.078,8.55,0.513,data/processed/food-nutrients/images/001186.jpg
1187,train,122.989189,4.637902,11.167095,8.137642,data/processed/food-nutrients/images/001187.jpg
1188,train,305.180023,29.621891,4.303404,17.519951,data/processed/food-nutrients/images/001188.jpg
1189,train,326.780029,30.701891,9.163404,17.627951,data/processed/food-nutrients/images/001189.jpg
1190,train,453.680054,32.591888,25.363405,23.747952,data/processed/food-nutrients/images/001190.jpg
1191,train,554.760071,36.771889,37.903404,27.43395,data/processed/food-nutrients/images/001191.jpg
1192,train,16.0,1.152,3.2,0.192,data/processed/food-nutrients/images/001192.jpg
1193,train,35.458431,1.730431,6.612745,0.886118,data/processed/food-nutrients/images/001193.jpg
1194,test,120.058434,2.990431,17.412746,4.966118,data/processed/food-nutrients/images/001194.jpg
1195,train,562.043274,45.891098,23.645262,30.339838,data/processed/food-nutrients/images/001195.jpg
1196,train,86.411438,1.679894,2.81841,8.211153,data/processed/food-nutrients/images/001196.jpg
1197,train,418.952423,33.957542,7.507637,27.301857,data/processed/food-nutrients/images/001197.jpg
1198,val,607.892395,36.771538,31.62764,36.413857,data/processed/food-nutrients/images/001198.jpg
1199,test,106.360001,4.48,13.400001,3.76,data/processed/food-nutrients/images/001199.jpg
1200,val,213.699173,14.898733,14.913611,9.922189,data/processed/food-nutrients/images/001200.jpg
1201,train,261.076172,19.122734,15.375612,13.06819,data/processed/food-nutrients/images/001201.jpg
1202,train,290.976196,19.330734,17.013613,15.850189,data/processed/food-nutrients/images/001202.jpg
1203,train,330.456177,19.918734,22.053612,17.754189,data/processed/food-nutrients/images/001203.jpg
1204,train,367.885284,25.634586,22.600353,19.007559,data/processed/food-nutrients/images/001204.jpg
1205,train,374.54538,25.967587,24.043354,19.081562,data/processed/food-nutrients/images/001205.jpg
1206,train,145.229996,2.163,18.540001,7.004,data/processed/food-nutrients/images/001206.jpg
1207,train,180.87999,2.411,20.493,10.321,data/processed/food-nutrients/images/001207.jpg
1208,train,249.067139,4.035298,23.931339,16.084234,data/processed/food-nutrients/images/001208.jpg
1209,train,494.797546,41.561111,27.520807,24.312891,data/processed/food-nutrients/images/001209.jpg
1210,test,77.0,5.544,15.400001,0.924,data/processed/food-nutrients/images/001210.jpg
1211,test,209.595428,18.4142,17.269756,8.536117,data/processed/food-nutrients/images/001211.jpg
1212,train,29.231468,0.896671,3.387423,1.295191,data/processed/food-nutrients/images/001212.jpg
1213,train,57.924408,1.749612,8.419776,2.318721,data/processed/food-nutrients/images/001213.jpg
1214,val,91.424408,4.161612,15.119776,2.720721,data/processed/food-nutrients/images/001214.jpg
1215,train,307.862427,37.214157,18.281359,9.968476,data/processed/food-nutrients/images/001215.jpg
1216,train,324.142426,38.398155,19.872356,10.745476,data/processed/food-nutrients/images/001216.jpg
1217,train,357.472565,39.046108,20.959461,13.912635,data/processed/food-nutrients/images/001217.jpg
1218,train,408.472565,39.556114,34.21946,14.014634,data/processed/food-nutrients/images/001218.jpg
1219,test,654.721252,63.457905,37.69186,28.151423,data/processed/food-nutrients/images/001219.jpg
1220,train,15.500784,0.460784,2.718627,0.552941,data/processed/food-nutrients/images/001220.jpg
1221,train,78.457687,1.684707,4.77204,6.535353,data/processed/food-nutrients/images/001221.jpg
1222,train,345.343719,42.441227,8.670532,15.472434,data/processed/food-nutrients/images/001222.jpg
1223,train,511.614227,58.580055,11.015146,25.017786,data/processed/food-nutrients/images/001223.jpg
1224,train,98.382996,4.144,12.395,3.478,data/processed/food-nutrients/images/001224.jpg
1225,train,128.312988,7.424,13.174001,5.446,data/processed/food-nutrients/images/001225.jpg
1226,train,154.23642,7.927969,14.019524,7.909346,data/processed/food-nutrients/images/001226.jpg
1227,train,234.606445,9.124969,24.279522,11.785346,data/processed/food-nutrients/images/001227.jpg
1228,val,240.542908,9.301439,25.3207,11.99711,data/processed/food-nutrients/images/001228.jpg
1229,train,308.891754,19.739084,26.319092,14.285876,data/processed/food-nutrients/images/001229.jpg
1230,train,130.340012,5.39,16.17,4.753,data/processed/food-nutrients/images/001230.jpg
1231,train,755.432922,66.063805,24.98456,40.638695,data/processed/food-nutrients/images/001231.jpg
1232,train,813.452026,67.191734,26.876921,46.151894,data/processed/food-nutrients/images/001232.jpg
1233,val,218.887756,21.246046,3.08658,12.566033,data/processed/food-nutrients/images/001233.jpg
1234,train,258.637756,24.108046,11.03658,13.043034,data/processed/food-nutrients/images/001234.jpg
1235,train,274.257721,26.309046,13.37958,13.256033,data/processed/food-nutrients/images/001235.jpg
1236,train,413.34787,63.12289,6.037907,13.841578,data/processed/food-nutrients/images/001236.jpg
1237,train,623.204285,67.202637,12.882619,33.782948,data/processed/food-nutrients/images/001237.jpg
1238,val,31.990978,0.95098,5.610784,1.141176,data/processed/food-nutrients/images/001238.jpg
1239,train,57.990978,2.82298,10.810784,1.453176,data/processed/food-nutrients/images/001239.jpg
1240,test,119.220253,4.281533,13.898274,6.628325,data/processed/food-nutrients/images/001240.jpg
1241,train,144.255859,5.528702,15.91366,6.570766,data/processed/food-nutrients/images/001241.jpg
1242,train,164.49585,7.000702,17.891659,7.536766,data/processed/food-nutrients/images/001242.jpg
1243,train,276.044403,17.828014,19.464626,13.940609,data/processed/food-nutrients/images/001243.jpg
1244,train,289.794373,18.818014,22.214628,14.105609,data/processed/food-nutrients/images/001244.jpg
1245,test,387.084412,20.267014,34.634628,18.797609,data/processed/food-nutrients/images/001245.jpg
1246,train,522.154663,40.893784,36.607651,23.320644,data/processed/food-nutrients/images/001246.jpg
1247,train,136.804855,13.278779,1.929112,7.853771,data/processed/food-nutrients/images/001247.jpg
1248,train,180.514832,13.929778,7.509113,9.961771,data/processed/food-nutrients/images/001248.jpg
1249,val,208.514832,15.945778,13.109113,10.297771,data/processed/food-nutrients/images/001249.jpg
1250,train,212.034836,16.441778,13.637113,10.345771,data/processed/food-nutrients/images/001250.jpg
1251,train,295.148987,12.432,37.185001,10.434,data/processed/food-nutrients/images/001251.jpg
1252,test,338.354706,13.271948,38.594208,14.539577,data/processed/food-nutrients/images/001252.jpg
1253,val,362.154694,14.903948,43.354206,14.811577,data/processed/food-nutrients/images/001253.jpg
1254,train,417.185303,16.735947,49.707146,17.301928,data/processed/food-nutrients/images/001254.jpg
1255,train,31.5,2.268,6.3,0.378,data/processed/food-nutrients/images/001255.jpg
1256,train,78.00235,3.650353,14.455882,2.036824,data/processed/food-nutrients/images/001256.jpg
1257,train,130.172348,4.427353,21.115883,4.552824,data/processed/food-nutrients/images/001257.jpg
1258,train,221.304153,18.344212,22.447077,7.60451,data/processed/food-nutrients/images/001258.jpg
1259,val,284.444855,24.472879,23.337435,11.229327,data/processed/food-nutrients/images/001259.jpg
1260,train,185.212708,17.977421,2.611722,10.632797,data/processed/food-nutrients/images/001260.jpg
1261,train,307.264221,36.616074,4.394568,14.719878,data/processed/food-nutrients/images/001261.jpg
1262,train,369.364288,37.048073,7.796568,20.497877,data/processed/food-nutrients/images/001262.jpg
1263,train,406.397736,37.768024,9.004458,24.016941,data/processed/food-nutrients/images/001263.jpg
1264,train,447.449249,38.745918,11.074479,27.486643,data/processed/food-nutrients/images/001264.jpg
1265,train,23.32,1.696,2.279,1.113,data/processed/food-nutrients/images/001265.jpg
1266,train,44.25,2.662,6.672,1.228,data/processed/food-nutrients/images/001266.jpg
1267,train,126.795876,5.41,16.20141,4.96353,data/processed/food-nutrients/images/001267.jpg
1268,train,203.281494,17.090221,17.318661,7.524766,data/processed/food-nutrients/images/001268.jpg
1269,train,258.003418,22.401735,18.090307,10.666273,data/processed/food-nutrients/images/001269.jpg
1270,train,22.25,1.602,4.45,0.267,data/processed/food-nutrients/images/001270.jpg
1271,train,20.25,1.458,4.05,0.243,data/processed/food-nutrients/images/001271.jpg
1272,train,72.434044,2.701085,6.681383,4.653638,data/processed/food-nutrients/images/001272.jpg
1273,train,754.353577,68.890678,16.297264,43.801662,data/processed/food-nutrients/images/001273.jpg
1274,train,59.79258,1.472,7.079548,3.205161,data/processed/food-nutrients/images/001274.jpg
1275,val,79.195488,2.744276,10.449209,3.691355,data/processed/food-nutrients/images/001275.jpg
1276,train,326.35553,19.444277,13.121208,22.061356,data/processed/food-nutrients/images/001276.jpg
1277,train,494.065491,30.914278,13.55521,35.081356,data/processed/food-nutrients/images/001277.jpg
1278,val,199.800003,13.5,2.16,14.85,data/processed/food-nutrients/images/001278.jpg
1279,test,242.360001,14.06,12.24,14.85,data/processed/food-nutrients/images/001279.jpg
1280,train,256.980011,15.216001,15.3,14.952001,data/processed/food-nutrients/images/001280.jpg
1281,test,33.0,2.4,3.225,1.575,data/processed/food-nutrients/images/001281.jpg
1282,train,50.669998,3.426,7.215,1.632,data/processed/food-nutrients/images/001282.jpg
1283,train,306.333679,43.735157,11.854835,8.972795,data/processed/food-nutrients/images/001283.jpg
1284,train,237.075684,20.978855,12.695836,10.854464,data/processed/food-nutrients/images/001284.jpg
1285,train,242.17569,21.488853,13.715836,10.854464,data/processed/food-nutrients/images/001285.jpg
1286,val,374.775665,24.242857,42.275837,11.160464,data/processed/food-nutrients/images/001286.jpg
1287,test,394.725677,25.610855,46.265839,11.388464,data/processed/food-nutrients/images/001287.jpg
1288,train,183.475952,16.235809,9.825473,8.40041,data/processed/food-nutrients/images/001288.jpg
1289,train,648.975952,35.485809,67.575478,25.375412,data/processed/food-nutrients/images/001289.jpg
1290,train,12.09,0.702,2.73,0.039,data/processed/food-nutrients/images/001290.jpg
1291,train,159.686279,2.925065,12.441322,11.945532,data/processed/food-nutrients/images/001291.jpg
1292,train,419.438782,25.910593,26.351543,23.838249,data/processed/food-nutrients/images/001292.jpg
1293,train,41.838322,0.63016,2.752816,3.37508,data/processed/food-nutrients/images/001293.jpg
1294,val,117.318321,2.39816,18.392817,3.98708,data/processed/food-nutrients/images/001294.jpg
1295,train,300.794281,18.63397,28.21829,12.387489,data/processed/food-nutrients/images/001295.jpg
1296,test,96.551003,2.821,20.02,2.184,data/processed/food-nutrients/images/001296.jpg
1297,train,124.815498,3.202388,21.055183,4.855837,data/processed/food-nutrients/images/001297.jpg
1298,train,158.395508,6.882387,21.929186,7.063837,data/processed/food-nutrients/images/001298.jpg
1299,val,166.455505,7.350388,23.749184,7.089837,data/processed/food-nutrients/images/001299.jpg
1300,train,368.485199,25.22802,34.568245,16.339729,data/processed/food-nutrients/images/001300.jpg
1301,train,23.243509,0.350089,1.529342,1.875044,data/processed/food-nutrients/images/001301.jpg
1302,train,263.125488,38.171024,5.882767,8.762704,data/processed/food-nutrients/images/001302.jpg
1303,train,284.34552,38.791027,10.282766,9.242703,data/processed/food-nutrients/images/001303.jpg
1304,train,288.335541,39.169025,11.059766,9.284704,data/processed/food-nutrients/images/001304.jpg
1305,train,293.605499,39.475029,12.249766,9.301705,data/processed/food-nutrients/images/001305.jpg
1306,train,263.240997,11.088,33.165001,9.306,data/processed/food-nutrients/images/001306.jpg
1307,test,332.892792,12.027848,35.715992,15.890169,data/processed/food-nutrients/images/001307.jpg
1308,val,124.32,2.912,25.76,1.008,data/processed/food-nutrients/images/001308.jpg
1309,train,432.063416,51.432281,31.344984,9.844143,data/processed/food-nutrients/images/001309.jpg
1310,train,474.503387,52.672283,40.144989,10.804142,data/processed/food-nutrients/images/001310.jpg
1311,train,46.683998,1.364,9.68,1.056,data/processed/food-nutrients/images/001311.jpg
1312,train,95.495369,2.099187,12.891619,4.993594,data/processed/food-nutrients/images/001312.jpg
1313,train,179.138412,15.28675,14.409589,7.395212,data/processed/food-nutrients/images/001313.jpg
1314,train,247.168854,21.306768,18.052742,10.509971,data/processed/food-nutrients/images/001314.jpg
1315,test,257.398834,21.90077,20.362743,10.54297,data/processed/food-nutrients/images/001315.jpg
1316,test,181.4897,28.614527,3.293709,5.211059,data/processed/food-nutrients/images/001316.jpg
1317,val,280.443024,37.370922,8.592841,9.741618,data/processed/food-nutrients/images/001317.jpg
1318,train,285.042999,37.830917,9.51284,9.741618,data/processed/food-nutrients/images/001318.jpg
1319,train,303.643036,38.910919,13.71284,9.801618,data/processed/food-nutrients/images/001319.jpg
1320,train,14.57,0.846,3.29,0.047,data/processed/food-nutrients/images/001320.jpg
1321,train,100.570984,2.141329,8.948565,6.984664,data/processed/food-nutrients/images/001321.jpg
1322,val,387.798126,47.426922,14.161219,15.23173,data/processed/food-nutrients/images/001322.jpg
1323,train,74.269997,2.17,15.4,1.68,data/processed/food-nutrients/images/001323.jpg
1324,test,571.39386,80.548927,24.421902,15.953769,data/processed/food-nutrients/images/001324.jpg
1325,train,624.853943,81.354126,27.939386,20.266373,data/processed/food-nutrients/images/001325.jpg
1326,train,51.988998,1.519,10.78,1.176,data/processed/food-nutrients/images/001326.jpg
1327,train,158.389008,5.919,23.98,5.056,data/processed/food-nutrients/images/001327.jpg
1328,train,386.348969,18.429001,61.510002,8.67,data/processed/food-nutrients/images/001328.jpg
1329,train,486.296082,19.934381,68.086182,16.732693,data/processed/food-nutrients/images/001329.jpg
1330,train,35.880001,0.364,9.360001,0.104,data/processed/food-nutrients/images/001330.jpg
1331,train,48.800003,0.668,12.400001,0.18,data/processed/food-nutrients/images/001331.jpg
1332,train,114.336998,4.816,14.405001,4.042,data/processed/food-nutrients/images/001332.jpg
1333,train,138.097,6.544,16.727001,5.176,data/processed/food-nutrients/images/001333.jpg
1334,train,211.78656,7.538332,19.425873,12.141861,data/processed/food-nutrients/images/001334.jpg
1335,train,347.594604,11.506332,47.585873,15.21386,data/processed/food-nutrients/images/001335.jpg
1336,train,443.862976,26.684473,49.332958,17.977985,data/processed/food-nutrients/images/001336.jpg
1337,train,532.508606,34.528744,54.080101,22.03661,data/processed/food-nutrients/images/001337.jpg
1338,train,539.63855,34.942749,55.690098,22.059612,data/processed/food-nutrients/images/001338.jpg
1339,train,249.444839,22.073404,13.358226,11.420783,data/processed/food-nutrients/images/001339.jpg
1340,train,268.80484,23.481403,15.250226,12.344784,data/processed/food-nutrients/images/001340.jpg
1341,train,342.213593,30.282518,18.32616,15.668182,data/processed/food-nutrients/images/001341.jpg
1342,train,161.320007,10.900001,1.744,11.99,data/processed/food-nutrients/images/001342.jpg
1343,train,356.080017,24.220001,2.248,27.110001,data/processed/food-nutrients/images/001343.jpg
1344,train,403.182007,22.581001,4.914,31.941,data/processed/food-nutrients/images/001344.jpg
1345,train,478.582001,37.081001,5.929,32.230999,data/processed/food-nutrients/images/001345.jpg
1346,train,503.782013,38.809002,10.969001,32.519001,data/processed/food-nutrients/images/001346.jpg
1347,val,699.382019,40.369003,30.168999,45.718998,data/processed/food-nutrients/images/001347.jpg
1348,train,762.381958,40.999001,46.548996,45.844997,data/processed/food-nutrients/images/001348.jpg
1349,val,801.822021,41.927002,55.828995,46.077,data/processed/food-nutrients/images/001349.jpg
1350,train,375.299988,12.954802,56.017002,11.120001,data/processed/food-nutrients/images/001350.jpg
1351,val,210.899994,2.59,51.799999,1.11,data/processed/food-nutrients/images/001351.jpg
1352,train,34.77,0.427,8.54,0.183,data/processed/food-nutrients/images/001352.jpg
1353,test,97.089996,1.247,23.299999,0.183,data/processed/food-nutrients/images/001353.jpg
1354,train,134.01001,8.347,23.797001,0.325,data/processed/food-nutrients/images/001354.jpg
1355,train,274.190002,9.465,37.556999,9.785,data/processed/food-nutrients/images/001355.jpg
1356,test,292.040009,10.689,41.127003,9.989,data/processed/food-nutrients/images/001356.jpg
1357,train,63.84,0.84,15.120001,0.0,data/processed/food-nutrients/images/001357.jpg
1358,train,156.240005,7.176,33.599998,1.056,data/processed/food-nutrients/images/001358.jpg
1359,train,208.233551,8.455999,39.756126,3.843097,data/processed/food-nutrients/images/001359.jpg
1360,train,350.163513,10.199,74.616135,4.590097,data/processed/food-nutrients/images/001360.jpg
1361,train,452.163513,12.599001,98.616127,5.190096,data/processed/food-nutrients/images/001361.jpg
1362,val,696.363525,29.098999,101.256134,23.340097,data/processed/food-nutrients/images/001362.jpg
1363,test,60.040001,0.79,14.22,0.0,data/processed/food-nutrients/images/001363.jpg
1364,train,276.119995,15.39,16.556,16.059999,data/processed/food-nutrients/images/001364.jpg
1365,test,295.369995,16.709999,20.406,16.279999,data/processed/food-nutrients/images/001365.jpg
1366,train,52.980408,0.275927,1.063661,5.462205,data/processed/food-nutrients/images/001366.jpg
1367,train,75.42041,0.751927,6.503661,5.666205,data/processed/food-nutrients/images/001367.jpg
1368,train,99.374557,1.758757,9.440247,6.882791,data/processed/food-nutrients/images/001368.jpg
1369,train,333.214539,17.558758,11.968246,24.262791,data/processed/food-nutrients/images/001369.jpg
1370,train,132.300003,14.85,4.59,5.805,data/processed/food-nutrients/images/001370.jpg
1371,test,161.540009,15.538,11.469999,5.977,data/processed/food-nutrients/images/001371.jpg
1372,train,108.199997,7.4,0.28,8.4,data/processed/food-nutrients/images/001372.jpg
1373,train,245.839996,16.700001,1.768,18.629999,data/processed/food-nutrients/images/001373.jpg
1374,train,149.435959,15.599369,3.307017,7.581682,data/processed/food-nutrients/images/001374.jpg
1375,train,264.095947,20.891369,27.373018,8.211681,data/processed/food-nutrients/images/001375.jpg
1376,train,303.636078,24.098282,34.998116,8.662106,data/processed/food-nutrients/images/001376.jpg
1377,val,646.588074,55.615631,31.982321,32.647552,data/processed/food-nutrients/images/001377.jpg
1378,train,558.514648,48.040081,27.625929,28.200544,data/processed/food-nutrients/images/001378.jpg
1379,val,154.772949,16.156488,3.425125,7.852456,data/processed/food-nutrients/images/001379.jpg
1380,train,197.252945,16.746489,14.045125,7.970456,data/processed/food-nutrients/images/001380.jpg
1381,val,280.118103,17.900995,17.086405,15.774299,data/processed/food-nutrients/images/001381.jpg
1382,train,302.860138,19.745497,21.472082,16.033365,data/processed/food-nutrients/images/001382.jpg
1383,test,165.446945,17.270729,3.661341,8.394006,data/processed/food-nutrients/images/001383.jpg
1384,train,416.778564,38.888771,16.09301,21.084249,data/processed/food-nutrients/images/001384.jpg
1385,train,288.197937,30.084497,6.377819,14.621815,data/processed/food-nutrients/images/001385.jpg
1386,train,300.077911,30.678497,8.951819,14.753815,data/processed/food-nutrients/images/001386.jpg
1387,train,330.527924,32.766495,15.041821,15.101814,data/processed/food-nutrients/images/001387.jpg
1388,train,334.527893,32.941494,15.89182,15.126814,data/processed/food-nutrients/images/001388.jpg
1389,train,340.027893,33.491497,16.991819,15.126814,data/processed/food-nutrients/images/001389.jpg
1390,train,366.579254,35.232506,21.602934,15.792132,data/processed/food-nutrients/images/001390.jpg
1391,train,377.262177,35.40324,22.846836,16.426279,data/processed/food-nutrients/images/001391.jpg
1392,train,354.020905,36.95565,7.834482,17.961365,data/processed/food-nutrients/images/001392.jpg
1393,test,381.226379,37.790176,10.987133,19.166792,data/processed/food-nutrients/images/001393.jpg
1394,test,454.936401,41.192177,26.458132,19.571791,data/processed/food-nutrients/images/001394.jpg
1395,train,287.849854,24.759119,14.237979,14.534126,data/processed/food-nutrients/images/001395.jpg
1396,test,297.979553,25.069847,15.411839,14.982956,data/processed/food-nutrients/images/001396.jpg
1397,train,321.482025,25.445457,18.148424,16.378078,data/processed/food-nutrients/images/001397.jpg
1398,train,358.001984,28.101458,21.717422,18.121077,data/processed/food-nutrients/images/001398.jpg
1399,train,373.507965,29.35907,24.707659,18.29771,data/processed/food-nutrients/images/001399.jpg
1400,train,465.324982,19.6,58.625,16.449999,data/processed/food-nutrients/images/001400.jpg
1401,train,642.29187,55.246094,31.769815,32.43063,data/processed/food-nutrients/images/001401.jpg
1402,val,848.655762,76.788078,36.336651,42.90057,data/processed/food-nutrients/images/001402.jpg
1403,train,918.175781,81.844078,43.13065,46.218571,data/processed/food-nutrients/images/001403.jpg
1404,train,945.670715,82.687485,46.316841,47.436813,data/processed/food-nutrients/images/001404.jpg
1405,train,245.501923,25.627535,5.432957,12.455622,data/processed/food-nutrients/images/001405.jpg
1406,train,265.471954,26.240112,7.747137,13.340455,data/processed/food-nutrients/images/001406.jpg
1407,train,298.034393,28.881098,14.026631,13.71139,data/processed/food-nutrients/images/001407.jpg
1408,test,330.034393,29.201099,22.34663,13.775391,data/processed/food-nutrients/images/001408.jpg
1409,test,221.257736,19.031263,10.944118,11.171755,data/processed/food-nutrients/images/001409.jpg
1410,train,354.682678,32.95927,13.896811,17.941113,data/processed/food-nutrients/images/001410.jpg
1411,train,380.321686,33.369026,16.882177,19.463066,data/processed/food-nutrients/images/001411.jpg
1412,train,432.267029,34.092751,18.788651,24.355024,data/processed/food-nutrients/images/001412.jpg
1413,test,138.761963,14.485127,3.070802,7.040133,data/processed/food-nutrients/images/001413.jpg
1414,train,159.310791,15.11546,5.45206,7.950614,data/processed/food-nutrients/images/001414.jpg
1415,train,164.010803,15.585461,6.39206,7.950614,data/processed/food-nutrients/images/001415.jpg
1416,train,28.6,2.08,2.795,1.365,data/processed/food-nutrients/images/001416.jpg
1417,train,290.70047,11.839698,47.406929,6.343606,data/processed/food-nutrients/images/001417.jpg
1418,train,302.954895,12.64324,49.535133,6.650677,data/processed/food-nutrients/images/001418.jpg
1419,train,444.121399,26.162634,51.505577,15.101501,data/processed/food-nutrients/images/001419.jpg
1420,test,492.281372,27.796635,61.395573,15.187502,data/processed/food-nutrients/images/001420.jpg
1421,train,497.861359,28.075634,62.604572,15.249501,data/processed/food-nutrients/images/001421.jpg
1422,train,525.461365,28.267633,64.11657,17.817501,data/processed/food-nutrients/images/001422.jpg
1423,train,2.4,0.24,0.48,0.0,data/processed/food-nutrients/images/001423.jpg
1424,train,94.465088,9.056995,1.765067,5.511408,data/processed/food-nutrients/images/001424.jpg
1425,train,120.505836,10.764524,6.287506,6.163932,data/processed/food-nutrients/images/001425.jpg
1426,train,401.729523,21.236305,54.154385,11.505786,data/processed/food-nutrients/images/001426.jpg
1427,train,417.129517,22.356302,55.659386,12.240784,data/processed/food-nutrients/images/001427.jpg
1428,train,18.0,1.296,3.6,0.216,data/processed/food-nutrients/images/001428.jpg
1429,train,64.066612,2.1365,5.137444,4.61,data/processed/food-nutrients/images/001429.jpg
1430,train,180.846405,4.773051,9.853951,14.93047,data/processed/food-nutrients/images/001430.jpg
1431,train,214.593262,6.029664,15.597978,15.571491,data/processed/food-nutrients/images/001431.jpg
1432,train,355.759705,19.549057,17.568413,24.022318,data/processed/food-nutrients/images/001432.jpg
1433,train,57.639999,4.192,5.633,2.751,data/processed/food-nutrients/images/001433.jpg
1434,val,382.936646,35.345387,10.17357,22.224644,data/processed/food-nutrients/images/001434.jpg
1435,train,470.716644,38.975388,21.06357,25.425642,data/processed/food-nutrients/images/001435.jpg
1436,train,70.080002,7.68,1.824,4.608,data/processed/food-nutrients/images/001436.jpg
1437,train,95.610138,9.354047,6.257764,5.247729,data/processed/food-nutrients/images/001437.jpg
1438,train,226.547165,21.893772,8.085415,13.086175,data/processed/food-nutrients/images/001438.jpg
1439,train,306.229919,23.34761,10.74478,20.686609,data/processed/food-nutrients/images/001439.jpg
1440,train,99.567535,6.528783,17.291681,2.494945,data/processed/food-nutrients/images/001440.jpg
1441,train,119.880005,2.808,24.84,0.972,data/processed/food-nutrients/images/001441.jpg
1442,test,244.80722,5.628496,29.885567,12.012504,data/processed/food-nutrients/images/001442.jpg
1443,train,434.914429,12.707417,62.24358,15.623594,data/processed/food-nutrients/images/001443.jpg
1444,train,407.132263,38.990711,5.682851,24.372669,data/processed/food-nutrients/images/001444.jpg
1445,train,440.321442,41.166977,11.446744,25.204319,data/processed/food-nutrients/images/001445.jpg
1446,train,638.187561,47.262806,28.654207,37.53344,data/processed/food-nutrients/images/001446.jpg
1447,train,581.033081,55.645042,8.110199,34.7831,data/processed/food-nutrients/images/001447.jpg
1448,val,633.833069,59.485043,13.270199,37.303101,data/processed/food-nutrients/images/001448.jpg
1449,train,671.106934,61.929153,19.743494,38.237114,data/processed/food-nutrients/images/001449.jpg
1450,train,141.166443,13.519394,1.970436,8.450825,data/processed/food-nutrients/images/001450.jpg
1451,train,188.610443,14.15958,3.708065,12.935694,data/processed/food-nutrients/images/001451.jpg
1452,train,209.545135,15.532299,7.343752,13.460272,data/processed/food-nutrients/images/001452.jpg
1453,train,247.625168,16.824301,15.163752,13.528273,data/processed/food-nutrients/images/001453.jpg
1454,train,274.149384,26.255054,3.826643,16.411747,data/processed/food-nutrients/images/001454.jpg
1455,train,376.24295,28.117785,7.233953,26.149803,data/processed/food-nutrients/images/001455.jpg
1456,train,438.74292,28.742785,23.483953,26.274799,data/processed/food-nutrients/images/001456.jpg
1457,train,457.265839,29.310972,25.63044,27.095516,data/processed/food-nutrients/images/001457.jpg
1458,train,372.352112,35.659843,5.197382,22.290583,data/processed/food-nutrients/images/001458.jpg
1459,train,423.923004,39.041424,14.153584,23.582834,data/processed/food-nutrients/images/001459.jpg
1460,train,514.643005,42.119415,32.783588,23.744835,data/processed/food-nutrients/images/001460.jpg
1461,train,278.973877,10.388004,47.483944,5.299119,data/processed/food-nutrients/images/001461.jpg
1462,train,525.973816,15.518004,100.683945,5.869118,data/processed/food-nutrients/images/001462.jpg
1463,train,91.970001,6.29,0.238,7.14,data/processed/food-nutrients/images/001463.jpg
1464,train,279.929993,18.99,2.27,21.110001,data/processed/food-nutrients/images/001464.jpg
1465,val,550.51001,21.147999,28.83,39.369999,data/processed/food-nutrients/images/001465.jpg
1466,train,241.110001,2.961,59.220001,1.269,data/processed/food-nutrients/images/001466.jpg
1467,train,122.084,6.21,19.458,1.932,data/processed/food-nutrients/images/001467.jpg
1468,train,68.970001,0.847,16.940001,0.363,data/processed/food-nutrients/images/001468.jpg
1469,train,178.178009,2.255,42.812,0.539,data/processed/food-nutrients/images/001469.jpg
1470,train,290.65802,9.855,44.028,8.898999,data/processed/food-nutrients/images/001470.jpg
1471,train,195.360001,13.2,2.112,14.52,data/processed/food-nutrients/images/001471.jpg
1472,train,286.809998,14.44,25.362,14.985,data/processed/food-nutrients/images/001472.jpg
1473,train,308.602997,18.139999,26.694,15.132999,data/processed/food-nutrients/images/001473.jpg
1474,train,178.529999,12.21,0.462,13.86,data/processed/food-nutrients/images/001474.jpg
1475,train,447.890015,30.41,3.374,33.880001,data/processed/food-nutrients/images/001475.jpg
1476,train,10.54,0.612,2.38,0.034,data/processed/food-nutrients/images/001476.jpg
1477,train,134.596008,2.246118,7.249883,11.607294,data/processed/food-nutrients/images/001477.jpg
1478,train,428.194458,39.125523,11.798436,24.716473,data/processed/food-nutrients/images/001478.jpg
1479,train,234.576111,29.465502,3.634154,10.473826,data/processed/food-nutrients/images/001479.jpg
1480,train,376.749084,47.635498,9.954545,25.350718,data/processed/food-nutrients/images/001480.jpg
1481,train,229.517426,5.268715,11.772673,19.747328,data/processed/food-nutrients/images/001481.jpg
1482,train,718.957397,25.508715,72.492676,37.595329,data/processed/food-nutrients/images/001482.jpg
1483,train,6.2,0.62,1.24,0.0,data/processed/food-nutrients/images/001483.jpg
1484,train,346.713684,43.392502,6.515386,15.203942,data/processed/food-nutrients/images/001484.jpg
1485,train,366.863678,44.5625,11.065385,15.268942,data/processed/food-nutrients/images/001485.jpg
1486,train,30.3396,0.492013,1.373378,2.738935,data/processed/food-nutrients/images/001486.jpg
1487,train,38.0896,0.942013,3.123378,2.763935,data/processed/food-nutrients/images/001487.jpg
1488,train,94.99057,2.650751,11.278716,4.666848,data/processed/food-nutrients/images/001488.jpg
1489,train,176.712036,13.094923,14.911697,13.218136,data/processed/food-nutrients/images/001489.jpg
1490,train,288.703217,27.162325,16.646711,18.21854,data/processed/food-nutrients/images/001490.jpg
1491,train,297.779602,38.056858,13.237985,31.159481,data/processed/food-nutrients/images/001491.jpg
1492,train,312.659607,38.920853,16.597986,31.207481,data/processed/food-nutrients/images/001492.jpg
1493,train,348.999664,39.411209,17.928936,34.642704,data/processed/food-nutrients/images/001493.jpg
1494,train,529.879639,46.891212,40.368938,41.238701,data/processed/food-nutrients/images/001494.jpg
1495,train,77.586021,2.772815,12.609709,2.31068,data/processed/food-nutrients/images/001495.jpg
1496,train,116.16552,3.374529,14.058498,5.921285,data/processed/food-nutrients/images/001496.jpg
1497,train,345.657349,32.70406,24.260704,29.935171,data/processed/food-nutrients/images/001497.jpg
1498,train,98.382996,4.144,12.395,3.478,data/processed/food-nutrients/images/001498.jpg
1499,test,110.181,4.357234,14.762364,3.761948,data/processed/food-nutrients/images/001499.jpg
1500,train,271.641266,17.734715,18.565031,14.042557,data/processed/food-nutrients/images/001500.jpg
1501,train,277.531311,18.076714,19.895029,14.06156,data/processed/food-nutrients/images/001501.jpg
1502,train,70.0,0.7,18.199999,0.14,data/processed/food-nutrients/images/001502.jpg
1503,train,128.709991,1.421,32.619999,0.449,data/processed/food-nutrients/images/001503.jpg
1504,train,193.709991,13.921,33.494999,0.699,data/processed/food-nutrients/images/001504.jpg
1505,test,282.539978,15.243999,44.834999,4.983,data/processed/food-nutrients/images/001505.jpg
1506,train,312.665558,17.219376,50.066841,5.737881,data/processed/food-nutrients/images/001506.jpg
1507,test,41.594833,1.024,4.924903,2.229677,data/processed/food-nutrients/images/001507.jpg
1508,test,56.354836,1.229,8.614903,2.270678,data/processed/food-nutrients/images/001508.jpg
1509,train,95.114838,1.705,18.134903,2.474677,data/processed/food-nutrients/images/001509.jpg
1510,train,237.524826,3.826,36.314899,9.342677,data/processed/food-nutrients/images/001510.jpg
1511,train,25.530136,1.674047,4.433764,0.639729,data/processed/food-nutrients/images/001511.jpg
1512,train,262.330139,17.674047,6.993764,18.239729,data/processed/food-nutrients/images/001512.jpg
1513,test,346.819672,19.754049,16.997473,22.768761,data/processed/food-nutrients/images/001513.jpg
1514,train,739.663696,41.75605,21.785473,53.890759,data/processed/food-nutrients/images/001514.jpg
1515,val,53.5,0.535,13.91,0.107,data/processed/food-nutrients/images/001515.jpg
1516,train,169.360001,2.069,42.478001,0.737,data/processed/food-nutrients/images/001516.jpg
1517,train,263.830017,3.476,54.537998,5.293,data/processed/food-nutrients/images/001517.jpg
1518,train,385.333984,12.788,55.529999,14.285,data/processed/food-nutrients/images/001518.jpg
1519,train,150.799988,29.0,2.03,0.58,data/processed/food-nutrients/images/001519.jpg
1520,train,263.599976,30.68,16.43,6.02,data/processed/food-nutrients/images/001520.jpg
1521,train,734.269958,62.869999,17.648001,42.559998,data/processed/food-nutrients/images/001521.jpg
1522,train,792.179993,27.710001,68.459999,50.529999,data/processed/food-nutrients/images/001522.jpg
1523,train,165.366608,12.646373,13.684191,7.169495,data/processed/food-nutrients/images/001523.jpg
1524,test,213.366608,13.126373,26.16419,7.265494,data/processed/food-nutrients/images/001524.jpg
1525,train,290.550018,13.261001,17.879999,17.879999,data/processed/food-nutrients/images/001525.jpg
1526,test,409.570007,21.401001,18.188,27.119999,data/processed/food-nutrients/images/001526.jpg
1527,test,389.39801,21.809,4.746,30.849001,data/processed/food-nutrients/images/001527.jpg
1528,test,638.257996,38.829002,5.39,50.168999,data/processed/food-nutrients/images/001528.jpg
1529,train,81.149994,5.55,0.21,6.3,data/processed/food-nutrients/images/001529.jpg
1530,test,798.913696,59.066467,12.93051,55.475594,data/processed/food-nutrients/images/001530.jpg
1531,val,851.298767,60.67337,19.00104,57.796677,data/processed/food-nutrients/images/001531.jpg
1532,test,1009.176697,63.837643,25.456959,72.163277,data/processed/food-nutrients/images/001532.jpg
1533,train,546.484497,41.379761,11.240341,36.503475,data/processed/food-nutrients/images/001533.jpg
1534,test,660.094482,49.149761,11.534341,45.323471,data/processed/food-nutrients/images/001534.jpg
1535,train,796.922119,51.892128,17.129475,57.774529,data/processed/food-nutrients/images/001535.jpg
1536,train,16.5,2.325,2.475,0.225,data/processed/food-nutrients/images/001536.jpg
1537,train,41.18898,2.80497,3.28026,2.571043,data/processed/food-nutrients/images/001537.jpg
1538,train,88.552399,3.754251,5.217036,6.881025,data/processed/food-nutrients/images/001538.jpg
1539,train,108.392403,4.906251,9.697037,6.945024,data/processed/food-nutrients/images/001539.jpg
1540,val,290.28244,7.615252,32.917038,15.717025,data/processed/food-nutrients/images/001540.jpg
1541,train,558.942383,18.725252,66.247047,25.514025,data/processed/food-nutrients/images/001541.jpg
1542,train,211.380005,19.5,0.0,14.82,data/processed/food-nutrients/images/001542.jpg
1543,train,444.01001,35.41,0.602,32.879997,data/processed/food-nutrients/images/001543.jpg
1544,val,600.540405,56.024384,5.702527,50.940563,data/processed/food-nutrients/images/001544.jpg
1545,test,635.19043,58.229382,13.052526,51.203068,data/processed/food-nutrients/images/001545.jpg
1546,train,365.276001,20.458,4.452,28.938,data/processed/food-nutrients/images/001546.jpg
1547,train,577.176025,22.148001,25.251999,43.237999,data/processed/food-nutrients/images/001547.jpg
1548,val,610.365173,24.324261,31.015892,44.069649,data/processed/food-nutrients/images/001548.jpg
1549,val,721.365173,31.824261,32.215893,52.319649,data/processed/food-nutrients/images/001549.jpg
1550,test,121.742279,9.310214,10.074251,5.278155,data/processed/food-nutrients/images/001550.jpg
1551,train,144.182281,9.786214,15.514251,5.482155,data/processed/food-nutrients/images/001551.jpg
1552,test,165.182281,10.206213,20.834251,5.622155,data/processed/food-nutrients/images/001552.jpg
1553,val,209.382294,18.706215,21.429251,5.792155,data/processed/food-nutrients/images/001553.jpg
1554,train,265.622253,19.446213,34.749252,5.792155,data/processed/food-nutrients/images/001554.jpg
1555,train,308.372284,19.971214,45.249252,6.017155,data/processed/food-nutrients/images/001555.jpg
1556,val,75.739998,5.18,0.196,5.88,data/processed/food-nutrients/images/001556.jpg
1557,train,121.679504,5.648293,8.625269,7.050731,data/processed/food-nutrients/images/001557.jpg
1558,train,175.259506,6.306293,21.785269,7.332731,data/processed/food-nutrients/images/001558.jpg
1559,train,201.759506,6.571293,28.675268,7.385731,data/processed/food-nutrients/images/001559.jpg
1560,train,475.959991,3.796,46.719997,32.119999,data/processed/food-nutrients/images/001560.jpg
1561,test,594.2453,6.708,60.725197,38.460644,data/processed/food-nutrients/images/001561.jpg
1562,train,1049.11731,32.184002,66.269196,74.496643,data/processed/food-nutrients/images/001562.jpg
1563,train,1268.157349,46.984001,68.637192,90.776642,data/processed/food-nutrients/images/001563.jpg
1564,test,217.559998,14.7,2.352,16.17,data/processed/food-nutrients/images/001564.jpg
1565,train,242.068939,16.307085,6.608414,16.78414,data/processed/food-nutrients/images/001565.jpg
1566,train,306.192841,16.960743,18.374268,18.418285,data/processed/food-nutrients/images/001566.jpg
1567,train,336.492828,17.566744,26.050266,18.620287,data/processed/food-nutrients/images/001567.jpg
1568,train,132.949997,5.6,16.75,4.7,data/processed/food-nutrients/images/001568.jpg
1569,val,141.0,6.0,16.0,6.0,data/processed/food-nutrients/images/001569.jpg
1570,train,199.845322,11.093416,17.088623,9.791893,data/processed/food-nutrients/images/001570.jpg
1571,train,278.488983,12.508038,20.045015,17.101799,data/processed/food-nutrients/images/001571.jpg
1572,test,326.888977,16.028036,24.775015,19.411798,data/processed/food-nutrients/images/001572.jpg
1573,test,192.566193,5.932549,16.74655,11.998874,data/processed/food-nutrients/images/001573.jpg
1574,train,267.213989,9.070109,25.89777,15.790093,data/processed/food-nutrients/images/001574.jpg
1575,train,286.894592,9.673808,28.178411,16.6621,data/processed/food-nutrients/images/001575.jpg
1576,val,90.271996,18.848,1.696,0.608,data/processed/food-nutrients/images/001576.jpg
1577,train,166.112,21.533998,18.285999,1.793,data/processed/food-nutrients/images/001577.jpg
1578,val,111.744507,2.126515,9.66468,7.762758,data/processed/food-nutrients/images/001578.jpg
1579,val,349.389069,22.696079,14.061036,23.076174,data/processed/food-nutrients/images/001579.jpg
1580,train,371.963898,23.388559,16.677065,24.07642,data/processed/food-nutrients/images/001580.jpg
1581,train,398.703369,24.512461,19.955114,25.434467,data/processed/food-nutrients/images/001581.jpg
1582,train,83.886055,1.830647,7.847055,5.606607,data/processed/food-nutrients/images/001582.jpg
1583,train,120.636047,4.350647,15.197055,6.026607,data/processed/food-nutrients/images/001583.jpg
1584,val,133.659988,4.750154,16.706305,6.603672,data/processed/food-nutrients/images/001584.jpg
1585,train,416.196686,39.229145,20.551165,19.963217,data/processed/food-nutrients/images/001585.jpg
1586,train,23.449999,1.608,4.69,0.268,data/processed/food-nutrients/images/001586.jpg
1587,train,123.492508,3.395248,8.716035,9.446692,data/processed/food-nutrients/images/001587.jpg
1588,train,453.931671,31.99674,14.829063,30.739628,data/processed/food-nutrients/images/001588.jpg
1589,train,51.799999,3.552,10.36,0.592,data/processed/food-nutrients/images/001589.jpg
1590,train,548.106018,54.80373,18.39809,28.563108,data/processed/food-nutrients/images/001590.jpg
1591,train,566.146057,57.345734,21.104092,28.809109,data/processed/food-nutrients/images/001591.jpg
1592,train,14.471023,0.443896,1.676942,0.641184,data/processed/food-nutrients/images/001592.jpg
1593,train,94.288544,1.962835,8.580285,6.186012,data/processed/food-nutrients/images/001593.jpg
1594,val,397.568329,28.213522,14.190873,25.728844,data/processed/food-nutrients/images/001594.jpg
1595,test,468.202423,36.833271,15.152088,29.068731,data/processed/food-nutrients/images/001595.jpg
1596,val,176.535965,15.28025,3.265865,11.37568,data/processed/food-nutrients/images/001596.jpg
1597,train,258.315979,16.498249,13.705867,15.319679,data/processed/food-nutrients/images/001597.jpg
1598,train,331.481995,17.89061,20.033928,20.402439,data/processed/food-nutrients/images/001598.jpg
1599,train,360.182037,19.85861,25.77393,20.730438,data/processed/food-nutrients/images/001599.jpg
1600,train,155.099991,6.6,17.6,6.6,data/processed/food-nutrients/images/001600.jpg
1601,train,185.899994,8.84,20.610001,8.07,data/processed/food-nutrients/images/001601.jpg
1602,test,200.949997,9.872,23.620001,8.242,data/processed/food-nutrients/images/001602.jpg
1603,train,291.190002,11.216,35.139999,12.594,data/processed/food-nutrients/images/001603.jpg
1604,train,440.867065,29.481651,37.176857,19.671377,data/processed/food-nutrients/images/001604.jpg
1605,train,558.5578,39.668491,39.354103,27.255165,data/processed/food-nutrients/images/001605.jpg
1606,train,179.630005,4.51,26.950001,6.49,data/processed/food-nutrients/images/001606.jpg
1607,train,234.966125,7.238798,20.433863,14.640826,data/processed/food-nutrients/images/001607.jpg
1608,train,685.993896,59.159676,30.821442,36.103981,data/processed/food-nutrients/images/001608.jpg
1609,train,160.0,14.0,3.0,10.0,data/processed/food-nutrients/images/001609.jpg
1610,test,346.47998,26.6,5.016,23.860001,data/processed/food-nutrients/images/001610.jpg
1611,train,413.493988,27.464001,20.892,23.967999,data/processed/food-nutrients/images/001611.jpg
1612,train,556.563965,29.221001,56.031998,24.720999,data/processed/food-nutrients/images/001612.jpg
1613,train,119.129997,1.463,29.26,0.627,data/processed/food-nutrients/images/001613.jpg
1614,train,115.4216,0.601127,2.317261,11.899805,data/processed/food-nutrients/images/001614.jpg
1615,train,161.021606,1.161127,13.517261,12.139805,data/processed/food-nutrients/images/001615.jpg
1616,val,180.821609,1.436127,18.46726,12.194806,data/processed/food-nutrients/images/001616.jpg
1617,train,203.221603,3.396128,18.88726,13.594805,data/processed/food-nutrients/images/001617.jpg
1618,train,409.334595,9.005127,42.104256,23.747805,data/processed/food-nutrients/images/001618.jpg
1619,train,113.599998,9.94,2.13,7.1,data/processed/food-nutrients/images/001619.jpg
1620,train,193.459991,10.864,19.77,8.417999,data/processed/food-nutrients/images/001620.jpg
1621,test,215.359985,11.302,25.318001,8.564,data/processed/food-nutrients/images/001621.jpg
1622,train,235.820007,11.736,30.278002,8.75,data/processed/food-nutrients/images/001622.jpg
1623,test,169.540009,19.030001,5.882,7.439,data/processed/food-nutrients/images/001623.jpg
1624,train,216.540009,19.5,18.101999,7.533,data/processed/food-nutrients/images/001624.jpg
1625,train,20.611706,0.866341,2.526829,1.046829,data/processed/food-nutrients/images/001625.jpg
1626,test,302.431702,20.00634,4.59483,22.386829,data/processed/food-nutrients/images/001626.jpg
1627,train,68.642334,0.926227,2.514018,6.488747,data/processed/food-nutrients/images/001627.jpg
1628,train,263.402344,14.246227,3.018018,21.608747,data/processed/food-nutrients/images/001628.jpg
1629,train,428.202332,28.666227,6.108017,31.908749,data/processed/food-nutrients/images/001629.jpg
1630,test,645.762329,43.36623,8.460017,48.078743,data/processed/food-nutrients/images/001630.jpg
1631,train,20.611706,0.866341,2.526829,1.046829,data/processed/food-nutrients/images/001631.jpg
1632,train,69.061707,1.461342,14.426828,1.301829,data/processed/food-nutrients/images/001632.jpg
1633,test,109.061714,1.861341,24.826828,1.381829,data/processed/food-nutrients/images/001633.jpg
1634,train,326.621704,16.56134,27.178827,17.551828,data/processed/food-nutrients/images/001634.jpg
1635,train,419.681702,17.94734,39.058826,22.039829,data/processed/food-nutrients/images/001635.jpg
1636,train,555.303711,21.98934,64.772835,23.931829,data/processed/food-nutrients/images/001636.jpg
1637,train,86.870003,1.12,20.58,0.14,data/processed/food-nutrients/images/001637.jpg
1638,train,225.98999,10.52,22.084,10.48,data/processed/food-nutrients/images/001638.jpg
1639,train,263.870972,12.112195,26.727901,12.403903,data/processed/food-nutrients/images/001639.jpg
1640,train,319.870972,17.012196,27.777901,15.903902,data/processed/food-nutrients/images/001640.jpg
1641,train,49.919998,9.6,0.672,0.192,data/processed/food-nutrients/images/001641.jpg
1642,train,100.613655,11.730732,6.886634,2.766634,data/processed/food-nutrients/images/001642.jpg
1643,train,213.670166,13.199732,33.667633,2.879634,data/processed/food-nutrients/images/001643.jpg
1644,train,376.976868,26.482393,42.573318,11.33825,data/processed/food-nutrients/images/001644.jpg
1645,train,412.67688,27.196392,51.617321,11.57625,data/processed/food-nutrients/images/001645.jpg
1646,train,485.67688,27.926394,70.597321,11.722251,data/processed/food-nutrients/images/001646.jpg
1647,train,24.0219,0.736868,2.783724,1.064365,data/processed/food-nutrients/images/001647.jpg
1648,train,128.096802,14.232164,7.157575,12.129619,data/processed/food-nutrients/images/001648.jpg
1649,test,284.133148,27.579,4.006618,16.311678,data/processed/food-nutrients/images/001649.jpg
1650,train,407.633148,30.144001,30.606619,16.596676,data/processed/food-nutrients/images/001650.jpg
1651,train,434.58316,31.992001,35.99662,16.904676,data/processed/food-nutrients/images/001651.jpg
1652,train,24.42,0.572,5.06,0.198,data/processed/food-nutrients/images/001652.jpg
1653,train,98.391266,2.793359,15.661942,2.671786,data/processed/food-nutrients/images/001653.jpg
1654,train,132.178085,3.568957,17.394974,5.578753,data/processed/food-nutrients/images/001654.jpg
1655,train,372.112732,26.857891,20.778339,19.35306,data/processed/food-nutrients/images/001655.jpg
1656,train,31.0,2.232,6.2,0.372,data/processed/food-nutrients/images/001656.jpg
1657,train,246.864426,23.56325,16.653193,21.832207,data/processed/food-nutrients/images/001657.jpg
1658,test,385.773926,37.046314,18.611984,29.806803,data/processed/food-nutrients/images/001658.jpg
1659,train,24.200001,3.41,3.63,0.33,data/processed/food-nutrients/images/001659.jpg
1660,train,329.380035,33.031891,7.933404,17.849949,data/processed/food-nutrients/images/001660.jpg
1661,test,370.130035,35.965889,16.083405,18.338949,data/processed/food-nutrients/images/001661.jpg
1662,train,29.25,2.106,5.85,0.351,data/processed/food-nutrients/images/001662.jpg
1663,train,59.639149,3.038182,9.371578,1.697486,data/processed/food-nutrients/images/001663.jpg
1664,train,164.234955,4.613582,16.253616,10.135185,data/processed/food-nutrients/images/001664.jpg
1665,train,286.933777,20.523823,21.410158,23.180536,data/processed/food-nutrients/images/001665.jpg
1666,train,6.84,0.342,1.482,0.076,data/processed/food-nutrients/images/001666.jpg
1667,train,24.784069,0.892431,3.561408,0.871068,data/processed/food-nutrients/images/001667.jpg
1668,train,44.034069,2.278431,7.411408,1.102068,data/processed/food-nutrients/images/001668.jpg
1669,val,86.534729,2.838268,9.079793,5.066993,data/processed/food-nutrients/images/001669.jpg
1670,train,245.385895,23.43635,15.755673,21.956066,data/processed/food-nutrients/images/001670.jpg
1671,train,68.882935,1.640872,3.473425,5.822042,data/processed/food-nutrients/images/001671.jpg
1672,test,100.882935,3.944872,9.873425,6.206042,data/processed/food-nutrients/images/001672.jpg
1673,train,183.389359,6.422541,21.698669,8.965265,data/processed/food-nutrients/images/001673.jpg
1674,train,209.189362,6.938542,28.234667,9.137265,data/processed/food-nutrients/images/001674.jpg
1675,train,541.730286,39.216187,32.923893,28.22797,data/processed/food-nutrients/images/001675.jpg
1676,train,41.051445,0.977894,2.070021,3.469702,data/processed/food-nutrients/images/001676.jpg
1677,train,272.567291,23.449675,5.334673,16.7607,data/processed/food-nutrients/images/001677.jpg
1678,train,457.711121,47.457092,13.115524,36.445198,data/processed/food-nutrients/images/001678.jpg
1679,test,154.279999,6.38,19.140001,5.626,data/processed/food-nutrients/images/001679.jpg
1680,train,203.869995,6.989,31.320002,5.887001,data/processed/food-nutrients/images/001680.jpg
1681,train,311.209167,17.407734,32.833611,12.049189,data/processed/food-nutrients/images/001681.jpg
1682,train,384.426239,18.510515,37.651039,17.95558,data/processed/food-nutrients/images/001682.jpg
1683,train,148.903992,6.272,18.76,5.264,data/processed/food-nutrients/images/001683.jpg
1684,train,292.022888,20.163645,20.778149,13.480252,data/processed/food-nutrients/images/001684.jpg
1685,train,317.781311,20.953781,23.763105,14.621559,data/processed/food-nutrients/images/001685.jpg
1686,train,333.281311,22.06978,26.863106,14.807559,data/processed/food-nutrients/images/001686.jpg
1687,train,387.841309,26.037781,32.195107,17.411558,data/processed/food-nutrients/images/001687.jpg
1688,train,51.993542,1.28,6.156128,2.787097,data/processed/food-nutrients/images/001688.jpg
1689,train,73.083549,1.539,11.336127,2.898097,data/processed/food-nutrients/images/001689.jpg
1690,train,90.76355,1.955,15.496128,3.002097,data/processed/food-nutrients/images/001690.jpg
1691,train,164.083557,3.047,24.856129,6.538097,data/processed/food-nutrients/images/001691.jpg
1692,train,298.76355,12.147001,26.31213,16.548098,data/processed/food-nutrients/images/001692.jpg
1693,train,422.651428,28.285715,4.186286,31.805714,data/processed/food-nutrients/images/001693.jpg
1694,train,320.963989,14.556001,13.518001,22.848999,data/processed/food-nutrients/images/001694.jpg
1695,train,335.363983,14.844001,17.166,22.945,data/processed/food-nutrients/images/001695.jpg
1696,train,379.824005,15.390001,28.085999,23.179001,data/processed/food-nutrients/images/001696.jpg
1697,test,136.680008,4.824,24.119999,2.814,data/processed/food-nutrients/images/001697.jpg
1698,train,284.880005,6.644,60.52,3.594,data/processed/food-nutrients/images/001698.jpg
1699,train,101.520004,1.41,25.380001,0.282,data/processed/food-nutrients/images/001699.jpg
1700,train,92.480003,3.264,16.32,1.904,data/processed/food-nutrients/images/001700.jpg
1701,train,140.360001,3.852,28.08,2.156,data/processed/food-nutrients/images/001701.jpg
1702,train,173.680008,4.636,35.919998,2.352,data/processed/food-nutrients/images/001702.jpg
1703,train,177.600006,12.0,1.92,13.2,data/processed/food-nutrients/images/001703.jpg
1704,train,329.080017,22.360001,2.312,24.959999,data/processed/food-nutrients/images/001704.jpg
1705,train,50.16,0.66,11.88,0.0,data/processed/food-nutrients/images/001705.jpg
1706,train,91.239998,8.56,12.433001,0.158,data/processed/food-nutrients/images/001706.jpg
1707,train,114.217117,10.066643,16.423389,0.733756,data/processed/food-nutrients/images/001707.jpg
1708,train,174.977127,16.886642,18.531387,3.399757,data/processed/food-nutrients/images/001708.jpg
1709,val,242.477127,17.561642,36.081387,3.534756,data/processed/food-nutrients/images/001709.jpg
1710,train,33.69978,2.209742,5.852568,0.844443,data/processed/food-nutrients/images/001710.jpg
1711,train,173.432449,3.634132,31.491592,4.405418,data/processed/food-nutrients/images/001711.jpg
1712,train,291.832458,11.634132,32.771591,13.205418,data/processed/food-nutrients/images/001712.jpg
1713,train,195.360001,13.2,2.112,14.52,data/processed/food-nutrients/images/001713.jpg
1714,train,215.273514,14.505756,5.570336,15.01899,data/processed/food-nutrients/images/001714.jpg
1715,train,236.723511,14.960756,10.770336,15.213988,data/processed/food-nutrients/images/001715.jpg
1716,train,303.718628,15.643683,23.063019,16.921307,data/processed/food-nutrients/images/001716.jpg
1717,val,263.003998,10.92,46.619999,3.528,data/processed/food-nutrients/images/001717.jpg
1718,train,75.599998,5.94,14.309999,1.08,data/processed/food-nutrients/images/001718.jpg
1719,train,421.686005,40.517998,14.462999,23.877001,data/processed/food-nutrients/images/001719.jpg
1720,val,85.120003,3.52,10.56,3.104,data/processed/food-nutrients/images/001720.jpg
1721,train,131.804001,4.884,20.240002,4.16,data/processed/food-nutrients/images/001721.jpg
1722,train,158.518127,5.678117,24.925295,5.112942,data/processed/food-nutrients/images/001722.jpg
1723,train,315.988464,9.114595,39.655731,15.637626,data/processed/food-nutrients/images/001723.jpg
1724,train,465.636475,11.464597,63.719742,20.243626,data/processed/food-nutrients/images/001724.jpg
1725,train,211.542679,28.955555,10.392798,24.6008,data/processed/food-nutrients/images/001725.jpg
1726,test,265.662659,32.891556,15.681798,27.1838,data/processed/food-nutrients/images/001726.jpg
1727,train,290.397949,33.62685,20.020035,28.066151,data/processed/food-nutrients/images/001727.jpg
1728,val,133.92334,2.922612,12.527754,8.950898,data/processed/food-nutrients/images/001728.jpg
1729,train,440.577881,31.90546,17.102179,27.266018,data/processed/food-nutrients/images/001729.jpg
1730,train,93.081001,2.337,13.965,3.363,data/processed/food-nutrients/images/001730.jpg
1731,train,85.357742,1.862764,7.984723,5.704968,data/processed/food-nutrients/images/001731.jpg
1732,val,114.013741,2.312764,12.592723,6.586968,data/processed/food-nutrients/images/001732.jpg
1733,val,348.898071,24.512394,16.096539,20.61557,data/processed/food-nutrients/images/001733.jpg
1734,val,416.802032,26.496395,30.17654,22.151569,data/processed/food-nutrients/images/001734.jpg
1735,test,26.84,1.952,2.623,1.281,data/processed/food-nutrients/images/001735.jpg
1736,val,56.760002,2.656,9.663,1.457,data/processed/food-nutrients/images/001736.jpg
1737,test,67.643532,2.97953,11.571823,1.845235,data/processed/food-nutrients/images/001737.jpg
1738,train,137.238892,9.557199,12.60999,6.001858,data/processed/food-nutrients/images/001738.jpg
1739,train,114.587997,3.348,23.76,2.592,data/processed/food-nutrients/images/001739.jpg
1740,train,245.132004,5.398,44.751999,6.61,data/processed/food-nutrients/images/001740.jpg
1741,train,289.203369,11.430407,46.917168,11.735167,data/processed/food-nutrients/images/001741.jpg
1742,test,413.170135,23.146877,48.766399,19.139153,data/processed/food-nutrients/images/001742.jpg
1743,train,57.292805,7.842129,2.814716,6.662716,data/processed/food-nutrients/images/001743.jpg
1744,train,331.324493,33.741703,6.902499,23.029417,data/processed/food-nutrients/images/001744.jpg
1745,val,465.224457,36.522697,35.742496,23.338419,data/processed/food-nutrients/images/001745.jpg
1746,val,506.603485,37.731705,44.322498,24.274418,data/processed/food-nutrients/images/001746.jpg
1747,train,529.483459,39.395699,46.558498,25.366417,data/processed/food-nutrients/images/001747.jpg
1748,train,146.244995,6.16,18.425001,5.17,data/processed/food-nutrients/images/001748.jpg
1749,train,361.555603,26.509659,21.636833,18.029551,data/processed/food-nutrients/images/001749.jpg
1750,train,569.511536,32.585655,64.756828,22.733551,data/processed/food-nutrients/images/001750.jpg
1751,train,606.91156,35.305656,68.411819,24.518549,data/processed/food-nutrients/images/001751.jpg
1752,train,656.551575,40.745659,69.703827,27.782553,data/processed/food-nutrients/images/001752.jpg
1753,val,103.693726,2.015873,3.382092,9.853384,data/processed/food-nutrients/images/001753.jpg
1754,train,312.749756,6.847874,7.830093,30.397385,data/processed/food-nutrients/images/001754.jpg
1755,val,518.591736,27.413876,7.921093,43.956383,data/processed/food-nutrients/images/001755.jpg
1756,val,538.709778,28.011915,11.449524,44.67403,data/processed/food-nutrients/images/001756.jpg
1757,train,767.469849,37.471909,39.829521,53.016029,data/processed/food-nutrients/images/001757.jpg
1758,train,75.686295,0.394182,1.519515,7.803151,data/processed/food-nutrients/images/001758.jpg
1759,train,437.071686,49.859921,19.273878,49.829514,data/processed/food-nutrients/images/001759.jpg
1760,train,739.376465,78.431671,23.783417,67.884842,data/processed/food-nutrients/images/001760.jpg
1761,train,145.040009,9.8,1.568,10.78,data/processed/food-nutrients/images/001761.jpg
1762,train,280.290009,19.049999,1.918,21.279999,data/processed/food-nutrients/images/001762.jpg
1763,train,357.809998,20.001999,20.958,21.688,data/processed/food-nutrients/images/001763.jpg
1764,train,23.5,0.235,6.11,0.047,data/processed/food-nutrients/images/001764.jpg
1765,train,87.909996,1.026,21.93,0.386,data/processed/food-nutrients/images/001765.jpg
1766,train,94.607872,0.492727,1.899394,9.75394,data/processed/food-nutrients/images/001766.jpg
1767,train,190.807861,18.992727,3.194394,10.123939,data/processed/food-nutrients/images/001767.jpg
1768,train,401.797852,33.422729,3.740394,26.503939,data/processed/food-nutrients/images/001768.jpg
1769,train,198.320007,13.400001,2.144,14.74,data/processed/food-nutrients/images/001769.jpg
1770,train,364.52002,18.829601,29.103001,19.189999,data/processed/food-nutrients/images/001770.jpg
1771,train,124.973,5.264,15.745001,4.418,data/processed/food-nutrients/images/001771.jpg
1772,train,245.872986,7.775,41.785004,4.697,data/processed/food-nutrients/images/001772.jpg
1773,train,271.34198,8.556257,44.73642,5.825483,data/processed/food-nutrients/images/001773.jpg
1774,train,295.850922,10.163342,48.992832,6.439623,data/processed/food-nutrients/images/001774.jpg
1775,val,321.590912,13.790343,52.853836,6.790623,data/processed/food-nutrients/images/001775.jpg
1776,train,685.772949,50.176342,53.014832,30.779623,data/processed/food-nutrients/images/001776.jpg
1777,train,17.029999,1.965,2.882,0.262,data/processed/food-nutrients/images/001777.jpg
1778,train,7.48,1.054,1.122,0.102,data/processed/food-nutrients/images/001778.jpg
1779,train,41.539997,4.984,6.886,0.626,data/processed/food-nutrients/images/001779.jpg
1780,train,306.862701,47.902866,10.477843,8.376755,data/processed/food-nutrients/images/001780.jpg
1781,train,9.879999,1.14,1.672,0.152,data/processed/food-nutrients/images/001781.jpg
1782,train,179.563156,28.588114,3.96911,5.108879,data/processed/food-nutrients/images/001782.jpg
1783,train,259.08316,31.286116,20.299112,5.250878,data/processed/food-nutrients/images/001783.jpg
1784,train,286.3815,34.486359,21.324808,8.330789,data/processed/food-nutrients/images/001784.jpg
1785,train,306.264984,35.153263,23.918306,9.317839,data/processed/food-nutrients/images/001785.jpg
1786,test,133.21582,15.617198,5.005394,15.02996,data/processed/food-nutrients/images/001786.jpg
1787,train,242.363983,17.217421,12.912596,23.447695,data/processed/food-nutrients/images/001787.jpg
1788,train,135.399673,15.873218,5.087451,15.276352,data/processed/food-nutrients/images/001788.jpg
1789,train,258.59967,20.053217,30.387449,15.496352,data/processed/food-nutrients/images/001789.jpg
1790,train,268.319641,20.539215,32.493454,15.604352,data/processed/food-nutrients/images/001790.jpg
1791,train,278.261444,20.872667,33.790199,16.097878,data/processed/food-nutrients/images/001791.jpg
1792,train,280.3414,20.963665,34.232201,16.123878,data/processed/food-nutrients/images/001792.jpg
1793,val,41.33675,1.38645,5.39175,2.052025,data/processed/food-nutrients/images/001793.jpg
1794,train,64.216751,4.02645,9.26375,2.404025,data/processed/food-nutrients/images/001794.jpg
1795,train,261.856628,27.196226,16.689787,24.702576,data/processed/food-nutrients/images/001795.jpg
1796,train,503.60022,33.333626,66.933792,35.514572,data/processed/food-nutrients/images/001796.jpg
1797,train,52.360001,3.808,5.117,2.499,data/processed/food-nutrients/images/001797.jpg
1798,train,140.106995,7.504,16.172001,5.601,data/processed/food-nutrients/images/001798.jpg
1799,train,193.61171,13.776482,18.182364,11.637623,data/processed/food-nutrients/images/001799.jpg
1800,train,75.70845,1.021574,2.772813,7.156705,data/processed/food-nutrients/images/001800.jpg
1801,train,106.580215,2.057024,6.799564,8.689231,data/processed/food-nutrients/images/001801.jpg
1802,val,427.435638,53.958912,11.143191,18.062237,data/processed/food-nutrients/images/001802.jpg
1803,train,412.144989,17.360001,51.925003,14.57,data/processed/food-nutrients/images/001803.jpg
1804,train,362.521729,42.49926,13.621237,40.901203,data/processed/food-nutrients/images/001804.jpg
1805,train,394.440033,43.569809,17.784489,42.48568,data/processed/food-nutrients/images/001805.jpg
1806,train,427.879974,46.001808,21.052488,44.081676,data/processed/food-nutrients/images/001806.jpg
1807,train,260.680023,10.78,32.34,9.506001,data/processed/food-nutrients/images/001807.jpg
1808,train,282.240021,12.348,34.446999,10.535001,data/processed/food-nutrients/images/001808.jpg
1809,val,479.689514,44.287632,37.119999,16.303005,data/processed/food-nutrients/images/001809.jpg
1810,test,495.910278,44.831676,39.235752,17.108229,data/processed/food-nutrients/images/001810.jpg
1811,train,603.858704,47.572269,61.671753,21.93623,data/processed/food-nutrients/images/001811.jpg
1812,train,156.146393,18.305403,5.866979,17.617085,data/processed/food-nutrients/images/001812.jpg
1813,train,256.946411,21.725405,26.566978,17.797087,data/processed/food-nutrients/images/001813.jpg
1814,train,271.116394,23.360405,28.964979,18.015085,data/processed/food-nutrients/images/001814.jpg
1815,test,386.66684,26.294006,52.980984,23.183083,data/processed/food-nutrients/images/001815.jpg
1816,train,40.10693,6.487736,0.542953,1.171626,data/processed/food-nutrients/images/001816.jpg
1817,train,66.066925,8.375736,3.079953,2.410626,data/processed/food-nutrients/images/001817.jpg
1818,train,114.336998,4.816,14.405001,4.042,data/processed/food-nutrients/images/001818.jpg
1819,train,220.774597,22.033455,15.845915,7.151315,data/processed/food-nutrients/images/001819.jpg
1820,train,289.192596,23.770454,30.065914,10.211315,data/processed/food-nutrients/images/001820.jpg
1821,train,304.366852,24.279404,32.045166,10.964588,data/processed/food-nutrients/images/001821.jpg
1822,train,350.566833,27.639404,36.560165,13.169589,data/processed/food-nutrients/images/001822.jpg
1823,train,354.596863,28.104403,37.242165,13.231589,data/processed/food-nutrients/images/001823.jpg
1824,test,37.323902,1.56878,4.57561,1.89561,data/processed/food-nutrients/images/001824.jpg
1825,train,191.530792,13.361717,17.336327,8.581273,data/processed/food-nutrients/images/001825.jpg
1826,train,246.650803,23.96172,18.078327,8.793273,data/processed/food-nutrients/images/001826.jpg
1827,val,319.388367,24.703182,31.424669,10.646932,data/processed/food-nutrients/images/001827.jpg
1828,train,362.168335,25.137182,42.584671,10.770931,data/processed/food-nutrients/images/001828.jpg
1829,train,454.508362,26.271181,65.264664,11.256931,data/processed/food-nutrients/images/001829.jpg
1830,train,37.69532,0.928,4.463193,2.020645,data/processed/food-nutrients/images/001830.jpg
1831,train,50.295322,1.103,7.613193,2.055645,data/processed/food-nutrients/images/001831.jpg
1832,train,62.19532,1.383,10.413193,2.125645,data/processed/food-nutrients/images/001832.jpg
1833,train,91.26532,1.74,17.553192,2.278645,data/processed/food-nutrients/images/001833.jpg
1834,train,174.425323,5.940001,34.353195,3.118645,data/processed/food-nutrients/images/001834.jpg
1835,train,240.695312,6.927001,42.813194,6.314645,data/processed/food-nutrients/images/001835.jpg
1836,val,535.984009,32.071999,6.288,41.591999,data/processed/food-nutrients/images/001836.jpg
1837,train,557.884033,32.509998,11.836,41.737999,data/processed/food-nutrients/images/001837.jpg
1838,train,578.963989,33.006001,16.796,41.862,data/processed/food-nutrients/images/001838.jpg
1839,train,533.117126,35.67857,5.280429,40.118572,data/processed/food-nutrients/images/001839.jpg
1840,train,36.5,0.365,9.49,0.073,data/processed/food-nutrients/images/001840.jpg
1841,val,103.190002,1.184,25.869999,0.424,data/processed/food-nutrients/images/001841.jpg
1842,val,282.382019,11.22,28.053999,14.62,data/processed/food-nutrients/images/001842.jpg
1843,train,392.362,12.858,42.094002,19.924,data/processed/food-nutrients/images/001843.jpg
1844,train,438.122009,21.657999,42.709999,20.1,data/processed/food-nutrients/images/001844.jpg
1845,train,87.720001,2.064,20.639999,0.516,data/processed/food-nutrients/images/001845.jpg
1846,train,215.970001,2.191,56.340004,0.626,data/processed/food-nutrients/images/001846.jpg
1847,train,64.919998,4.44,0.168,5.04,data/processed/food-nutrients/images/001847.jpg
1848,train,80.220001,4.8,3.768,5.13,data/processed/food-nutrients/images/001848.jpg
1849,train,139.558533,5.404878,14.655806,6.642195,data/processed/food-nutrients/images/001849.jpg
1850,train,24.655609,1.053658,1.545366,1.896585,data/processed/food-nutrients/images/001850.jpg
1851,train,68.545609,1.592659,12.325366,2.127585,data/processed/food-nutrients/images/001851.jpg
1852,train,494.225647,31.732658,16.525366,33.717587,data/processed/food-nutrients/images/001852.jpg
1853,train,200.220001,2.982,25.560001,9.656,data/processed/food-nutrients/images/001853.jpg
1854,train,320.100006,11.082001,26.856001,18.566,data/processed/food-nutrients/images/001854.jpg
1855,train,550.981995,24.013,29.67,36.857002,data/processed/food-nutrients/images/001855.jpg
1856,test,137.818542,1.404878,25.287806,3.512195,data/processed/food-nutrients/images/001856.jpg
1857,train,304.218536,33.404877,27.527805,4.152195,data/processed/food-nutrients/images/001857.jpg
1858,train,103.660004,11.36,2.698,6.816,data/processed/food-nutrients/images/001858.jpg
1859,train,221.167068,21.758215,8.990719,12.196038,data/processed/food-nutrients/images/001859.jpg
1860,train,24.15,0.168,1.323,2.247,data/processed/food-nutrients/images/001860.jpg
1861,val,130.839996,8.158,2.686,9.767,data/processed/food-nutrients/images/001861.jpg
1862,train,171.839996,10.408,9.436001,10.417,data/processed/food-nutrients/images/001862.jpg
1863,train,208.970001,13.015,18.126001,10.575,data/processed/food-nutrients/images/001863.jpg
1864,train,125.724831,2.161744,21.363926,3.698547,data/processed/food-nutrients/images/001864.jpg
1865,train,227.182785,3.690952,29.460529,11.121791,data/processed/food-nutrients/images/001865.jpg
1866,train,511.673645,28.865578,44.695526,24.147148,data/processed/food-nutrients/images/001866.jpg
1867,train,109.093597,13.567006,4.164993,12.07743,data/processed/food-nutrients/images/001867.jpg
1868,train,319.233582,22.257004,30.234995,19.740429,data/processed/food-nutrients/images/001868.jpg
1869,train,365.76358,22.950008,36.174995,21.98443,data/processed/food-nutrients/images/001869.jpg
1870,train,395.013611,23.418005,43.194996,22.101429,data/processed/food-nutrients/images/001870.jpg
1871,train,412.873596,24.672005,47.374996,22.177427,data/processed/food-nutrients/images/001871.jpg
1872,train,518.801147,26.722988,53.022335,31.28495,data/processed/food-nutrients/images/001872.jpg
1873,train,3.04,0.133,0.646,0.019,data/processed/food-nutrients/images/001873.jpg
1874,train,5.54,0.383,1.146,0.019,data/processed/food-nutrients/images/001874.jpg
1875,train,57.066452,1.451472,3.778441,4.411607,data/processed/food-nutrients/images/001875.jpg
1876,train,45.242737,0.938171,2.311412,3.856924,data/processed/food-nutrients/images/001876.jpg
1877,val,91.140381,1.629955,5.974161,7.215058,data/processed/food-nutrients/images/001877.jpg
1878,val,165.617737,10.892046,8.817571,15.460226,data/processed/food-nutrients/images/001878.jpg
1879,train,311.986237,23.844206,16.655867,22.161678,data/processed/food-nutrients/images/001879.jpg
1880,test,403.636139,25.209208,28.355869,26.581678,data/processed/food-nutrients/images/001880.jpg
1881,train,315.413727,27.910999,16.89098,14.441155,data/processed/food-nutrients/images/001881.jpg
1882,train,374.663696,28.858997,31.110981,14.678156,data/processed/food-nutrients/images/001882.jpg
1883,train,431.126984,29.82984,40.705559,16.339182,data/processed/food-nutrients/images/001883.jpg
1884,train,498.765594,30.849312,46.103294,21.28801,data/processed/food-nutrients/images/001884.jpg
1885,test,97.290001,1.449,12.42,4.692,data/processed/food-nutrients/images/001885.jpg
1886,train,139.970001,4.553,16.591,6.729,data/processed/food-nutrients/images/001886.jpg
1887,train,422.399261,29.545202,31.715603,19.659971,data/processed/food-nutrients/images/001887.jpg
1888,train,178.220001,7.37,22.110001,6.499,data/processed/food-nutrients/images/001888.jpg
1889,train,423.541779,29.078554,35.247433,17.73101,data/processed/food-nutrients/images/001889.jpg
1890,train,555.712891,45.515503,40.29348,32.363281,data/processed/food-nutrients/images/001890.jpg
1891,train,259.097229,32.221638,9.891858,28.683897,data/processed/food-nutrients/images/001891.jpg
1892,train,356.387299,33.670643,22.311859,33.375896,data/processed/food-nutrients/images/001892.jpg
1893,train,369.527283,34.327641,25.158859,33.521896,data/processed/food-nutrients/images/001893.jpg
1894,train,375.127289,34.572639,26.34886,33.556896,data/processed/food-nutrients/images/001894.jpg
1895,train,381.527283,35.212646,27.628859,33.556896,data/processed/food-nutrients/images/001895.jpg
1896,test,386.477264,35.674641,28.585857,33.622898,data/processed/food-nutrients/images/001896.jpg
1897,val,324.39798,13.664001,40.870003,11.467999,data/processed/food-nutrients/images/001897.jpg
1898,train,349.917969,15.52,43.364002,12.685999,data/processed/food-nutrients/images/001898.jpg
1899,train,760.161926,51.822536,65.333321,31.468941,data/processed/food-nutrients/images/001899.jpg
1900,test,100.539413,2.084824,5.136471,8.570941,data/processed/food-nutrients/images/001900.jpg
1901,test,552.648376,58.309628,22.397163,58.622601,data/processed/food-nutrients/images/001901.jpg
1902,val,138.320007,5.72,17.16,5.044,data/processed/food-nutrients/images/001902.jpg
1903,train,184.080002,9.048,21.632,7.228,data/processed/food-nutrients/images/001903.jpg
1904,train,252.588776,10.225956,33.273422,9.243377,data/processed/food-nutrients/images/001904.jpg
1905,train,397.818726,12.388956,51.813423,16.247375,data/processed/food-nutrients/images/001905.jpg
1906,train,663.755798,35.921761,66.054832,28.423254,data/processed/food-nutrients/images/001906.jpg
1907,train,56.0,4.9,1.05,3.5,data/processed/food-nutrients/images/001907.jpg
1908,train,101.239998,13.6,1.659,3.674,data/processed/food-nutrients/images/001908.jpg
1909,train,160.269501,14.367001,15.642001,3.733,data/processed/food-nutrients/images/001909.jpg
1910,train,218.769501,14.952,30.851999,3.85,data/processed/food-nutrients/images/001910.jpg
1911,test,316.239502,16.148998,54.792,4.363,data/processed/food-nutrients/images/001911.jpg
1912,train,443.463837,29.678574,4.392429,33.371906,data/processed/food-nutrients/images/001912.jpg
1913,train,98.208679,0.833962,15.203773,3.913208,data/processed/food-nutrients/images/001913.jpg
1914,train,229.248688,26.033964,16.967773,4.417208,data/processed/food-nutrients/images/001914.jpg
1915,test,293.797668,30.980963,17.494774,9.194207,data/processed/food-nutrients/images/001915.jpg
1916,train,153.089996,1.3,23.700001,6.1,data/processed/food-nutrients/images/001916.jpg
1917,train,187.929993,8.0,24.168999,6.234,data/processed/food-nutrients/images/001917.jpg
1918,train,288.570007,14.800001,25.257,13.714,data/processed/food-nutrients/images/001918.jpg
1919,train,309.269989,15.01,30.657,13.774,data/processed/food-nutrients/images/001919.jpg
1920,train,337.27002,15.290001,37.936996,13.830001,data/processed/food-nutrients/images/001920.jpg
1921,train,372.070038,15.986001,46.752998,14.062,data/processed/food-nutrients/images/001921.jpg
1922,train,160.311234,1.361321,24.817924,6.387736,data/processed/food-nutrients/images/001922.jpg
1923,train,426.711243,19.36132,27.697926,26.187735,data/processed/food-nutrients/images/001923.jpg
1924,train,62.400002,5.46,1.17,3.9,data/processed/food-nutrients/images/001924.jpg
1925,train,92.610001,6.144,8.009999,4.299,data/processed/food-nutrients/images/001925.jpg
1926,train,186.485947,6.94117,22.543018,8.039566,data/processed/food-nutrients/images/001926.jpg
1927,train,34.649998,2.376,6.93,0.396,data/processed/food-nutrients/images/001927.jpg
1928,train,172.449982,5.238,36.610001,0.714,data/processed/food-nutrients/images/001928.jpg
1929,train,403.786346,44.691349,39.857891,6.472354,data/processed/food-nutrients/images/001929.jpg
1930,train,171.53511,29.254524,2.408296,4.269801,data/processed/food-nutrients/images/001930.jpg
1931,train,190.057999,29.822712,4.554782,5.090516,data/processed/food-nutrients/images/001931.jpg
1932,train,235.208008,32.918709,13.58478,5.606515,data/processed/food-nutrients/images/001932.jpg
1933,train,246.007996,33.06871,16.284782,5.636517,data/processed/food-nutrients/images/001933.jpg
1934,train,23.449999,1.608,4.69,0.268,data/processed/food-nutrients/images/001934.jpg
1935,train,96.138458,5.178558,15.4723,3.161575,data/processed/food-nutrients/images/001935.jpg
1936,train,492.934601,44.78577,22.654509,25.171036,data/processed/food-nutrients/images/001936.jpg
1937,train,26.799278,1.316418,3.975292,1.066823,data/processed/food-nutrients/images/001937.jpg
1938,train,227.242706,21.324188,7.603419,12.185005,data/processed/food-nutrients/images/001938.jpg
1939,train,252.792709,23.076189,12.713421,12.477004,data/processed/food-nutrients/images/001939.jpg
1940,val,279.708801,23.901834,15.832532,13.669605,data/processed/food-nutrients/images/001940.jpg
1941,val,419.769562,47.788559,17.798939,17.155958,data/processed/food-nutrients/images/001941.jpg
1942,val,352.872009,35.256001,0.156,23.244001,data/processed/food-nutrients/images/001942.jpg
1943,train,245.339996,10.44,27.84,10.44,data/processed/food-nutrients/images/001943.jpg
1944,train,267.939667,26.745079,4.849844,14.862059,data/processed/food-nutrients/images/001944.jpg
1945,train,383.559662,31.665079,17.969845,19.782057,data/processed/food-nutrients/images/001945.jpg
1946,train,388.359711,31.87508,18.989845,19.842056,data/processed/food-nutrients/images/001946.jpg
1947,train,410.209686,32.027081,20.186846,21.875057,data/processed/food-nutrients/images/001947.jpg
1948,train,416.869659,32.360081,21.629845,21.949057,data/processed/food-nutrients/images/001948.jpg
1949,val,146.639999,6.24,16.639999,6.24,data/processed/food-nutrients/images/001949.jpg
1950,val,162.740005,7.344,19.859999,6.424,data/processed/food-nutrients/images/001950.jpg
1951,test,184.735962,8.018723,22.408951,7.398599,data/processed/food-nutrients/images/001951.jpg
1952,val,425.514618,49.082409,25.7894,13.39199,data/processed/food-nutrients/images/001952.jpg
1953,train,465.47464,50.018417,34.069401,13.715989,data/processed/food-nutrients/images/001953.jpg
1954,test,265.894379,26.540918,4.812823,14.748608,data/processed/food-nutrients/images/001954.jpg
1955,train,308.59436,29.468918,13.352823,15.236608,data/processed/food-nutrients/images/001955.jpg
1956,test,224.987503,22.457699,4.072388,12.479591,data/processed/food-nutrients/images/001956.jpg
1957,train,245.445801,25.94677,4.359616,12.988835,data/processed/food-nutrients/images/001957.jpg
1958,train,298.877594,26.901321,6.509885,17.89109,data/processed/food-nutrients/images/001958.jpg
1959,train,328.277618,28.917324,12.389885,18.227091,data/processed/food-nutrients/images/001959.jpg
1960,train,418.152008,33.805244,23.968084,21.499546,data/processed/food-nutrients/images/001960.jpg
1961,train,365.269897,31.254427,29.243366,13.375453,data/processed/food-nutrients/images/001961.jpg
1962,train,379.96991,32.262424,32.183365,13.543454,data/processed/food-nutrients/images/001962.jpg
1963,train,395.598572,32.741837,33.994465,14.235931,data/processed/food-nutrients/images/001963.jpg
1964,train,447.893616,33.676075,36.09898,19.033884,data/processed/food-nutrients/images/001964.jpg
1965,train,469.186188,34.722008,39.257435,19.881496,data/processed/food-nutrients/images/001965.jpg
1966,train,135.360001,5.76,15.36,5.76,data/processed/food-nutrients/images/001966.jpg
1967,test,190.584213,11.272345,16.359587,8.823172,data/processed/food-nutrients/images/001967.jpg
1968,train,302.318085,30.328045,17.928291,11.604419,data/processed/food-nutrients/images/001968.jpg
1969,test,325.068085,31.888044,22.478292,11.864419,data/processed/food-nutrients/images/001969.jpg
1970,val,348.378113,32.43404,27.308292,12.053417,data/processed/food-nutrients/images/001970.jpg
1971,train,41.5,0.415,10.79,0.083,data/processed/food-nutrients/images/001971.jpg
1972,train,65.199997,0.889,16.793999,0.241,data/processed/food-nutrients/images/001972.jpg
1973,train,116.949997,1.414,30.293999,0.391,data/processed/food-nutrients/images/001973.jpg
1974,train,146.979996,2.051,37.573997,0.664,data/processed/food-nutrients/images/001974.jpg
1975,train,250.965668,2.934019,53.672115,4.807397,data/processed/food-nutrients/images/001975.jpg
1976,train,430.265656,4.364019,71.27211,16.907398,data/processed/food-nutrients/images/001976.jpg
1977,train,485.90564,15.064019,72.021111,17.121397,data/processed/food-nutrients/images/001977.jpg
1978,train,97.379997,6.66,0.252,7.56,data/processed/food-nutrients/images/001978.jpg
1979,train,127.879997,6.965,8.182,7.621,data/processed/food-nutrients/images/001979.jpg
1980,train,241.975372,7.933867,25.845209,12.167227,data/processed/food-nutrients/images/001980.jpg
1981,train,119.019997,8.14,0.308,9.24,data/processed/food-nutrients/images/001981.jpg
1982,train,228.540009,15.540001,1.492,17.380001,data/processed/food-nutrients/images/001982.jpg
1983,train,275.891235,17.530245,7.296878,19.784878,data/processed/food-nutrients/images/001983.jpg
1984,train,402.984802,18.609489,26.972351,24.84903,data/processed/food-nutrients/images/001984.jpg
1985,train,13.86,1.953,2.079,0.189,data/processed/food-nutrients/images/001985.jpg
1986,train,265.855438,43.001171,5.092874,7.567317,data/processed/food-nutrients/images/001986.jpg
1987,test,401.215424,45.017166,22.372875,14.095317,data/processed/food-nutrients/images/001987.jpg
1988,train,435.626282,45.639103,29.277687,14.9235,data/processed/food-nutrients/images/001988.jpg
1989,val,561.417053,48.122875,31.36202,27.385805,data/processed/food-nutrients/images/001989.jpg
1990,train,170.760071,27.815535,2.042296,4.999781,data/processed/food-nutrients/images/001990.jpg
1991,train,202.221436,28.384161,8.355268,5.756976,data/processed/food-nutrients/images/001991.jpg
1992,test,274.131439,29.455162,17.535269,9.224976,data/processed/food-nutrients/images/001992.jpg
1993,train,30.210915,2.293849,3.101745,1.181061,data/processed/food-nutrients/images/001993.jpg
1994,test,190.950912,4.687849,23.621746,8.933062,data/processed/food-nutrients/images/001994.jpg
1995,train,451.235687,47.086288,26.73476,16.554087,data/processed/food-nutrients/images/001995.jpg
1996,train,457.172119,47.262756,27.775938,16.765852,data/processed/food-nutrients/images/001996.jpg
1997,val,739.407654,120.443954,8.843342,21.649536,data/processed/food-nutrients/images/001997.jpg
1998,train,874.46106,133.227585,11.255851,29.339449,data/processed/food-nutrients/images/001998.jpg
1999,train,951.840942,141.707581,13.26985,34.427452,data/processed/food-nutrients/images/001999.jpg
2000,val,1003.948853,142.649384,23.725708,35.681553,data/processed/food-nutrients/images/002000.jpg
2001,test,1032.31189,143.492493,28.700218,36.693317,data/processed/food-nutrients/images/002001.jpg
2002,train,1234.856323,147.491821,32.056351,56.759739,data/processed/food-nutrients/images/002002.jpg
2003,train,32.936092,0.59528,6.608891,0.792689,data/processed/food-nutrients/images/002003.jpg
2004,train,340.073578,29.667709,12.095403,18.281034,data/processed/food-nutrients/images/002004.jpg
2005,train,483.215302,32.943996,21.912695,29.111307,data/processed/food-nutrients/images/002005.jpg
2006,train,606.251953,25.536001,76.380005,21.431999,data/processed/food-nutrients/images/002006.jpg
2007,train,25.74,3.627,3.861,0.351,data/processed/food-nutrients/images/002007.jpg
2008,train,30.139999,4.067,4.741,0.351,data/processed/food-nutrients/images/002008.jpg
2009,train,434.658997,69.960106,9.579062,12.195141,data/processed/food-nutrients/images/002009.jpg
2010,train,11.431157,0.867943,1.173633,0.446888,data/processed/food-nutrients/images/002010.jpg
2011,val,83.052505,2.14745,4.055908,7.017997,data/processed/food-nutrients/images/002011.jpg
2012,train,89.652504,3.07745,5.045908,7.107997,data/processed/food-nutrients/images/002012.jpg
2013,train,207.360931,22.251265,6.453704,10.554449,data/processed/food-nutrients/images/002013.jpg
2014,train,273.63089,23.238264,14.913705,13.750449,data/processed/food-nutrients/images/002014.jpg
2015,test,493.637207,44.06319,18.84376,26.277563,data/processed/food-nutrients/images/002015.jpg
2016,train,477.465118,77.775475,5.710499,13.979971,data/processed/food-nutrients/images/002016.jpg
2017,train,538.035156,50.928295,9.611122,30.635614,data/processed/food-nutrients/images/002017.jpg
2018,train,574.115173,51.720291,18.411123,30.811615,data/processed/food-nutrients/images/002018.jpg
2019,train,671.082031,53.939724,25.06155,38.148251,data/processed/food-nutrients/images/002019.jpg
2020,train,27.059999,0.594,6.6,0.132,data/processed/food-nutrients/images/002020.jpg
2021,train,51.465488,1.31949,10.880392,1.002588,data/processed/food-nutrients/images/002021.jpg
2022,train,155.805481,2.87349,24.200394,6.034588,data/processed/food-nutrients/images/002022.jpg
2023,train,406.307678,26.585045,28.675205,20.298132,data/processed/food-nutrients/images/002023.jpg
2024,train,37.950001,0.264,2.079,3.531,data/processed/food-nutrients/images/002024.jpg
2025,train,49.550003,0.844,4.689,3.589,data/processed/food-nutrients/images/002025.jpg
2026,train,59.450005,1.768,6.603,3.721,data/processed/food-nutrients/images/002026.jpg
2027,train,613.17688,91.96595,13.225592,19.933886,data/processed/food-nutrients/images/002027.jpg
2028,train,625.236877,92.568954,15.838592,20.067884,data/processed/food-nutrients/images/002028.jpg
2029,train,655.986816,93.24395,23.338593,20.217884,data/processed/food-nutrients/images/002029.jpg
2030,train,30.478174,0.550856,6.115691,0.733533,data/processed/food-nutrients/images/002030.jpg
2031,train,50.428173,1.918856,10.105691,0.961533,data/processed/food-nutrients/images/002031.jpg
2032,train,86.534439,2.577627,11.310716,4.405479,data/processed/food-nutrients/images/002032.jpg
2033,train,346.454468,11.697627,69.070702,5.393479,data/processed/food-nutrients/images/002033.jpg
2034,train,390.254456,16.497627,70.210716,8.273479,data/processed/food-nutrients/images/002034.jpg
2035,test,34.649998,2.376,6.93,0.396,data/processed/food-nutrients/images/002035.jpg
2036,train,117.787598,3.871456,10.055328,8.123614,data/processed/food-nutrients/images/002036.jpg
2037,train,438.828003,43.843998,0.194,28.906,data/processed/food-nutrients/images/002037.jpg
2038,train,451.428009,44.473999,2.924,29.046,data/processed/food-nutrients/images/002038.jpg
2039,train,498.620026,45.326939,12.393457,30.181793,data/processed/food-nutrients/images/002039.jpg
2040,train,500.218018,45.544998,14.824001,29.284,data/processed/food-nutrients/images/002040.jpg
2041,train,529.817993,46.358997,21.484001,29.358,data/processed/food-nutrients/images/002041.jpg
2042,val,569.417969,48.338997,30.394001,29.556002,data/processed/food-nutrients/images/002042.jpg
2043,val,640.137939,48.338997,30.394001,37.556004,data/processed/food-nutrients/images/002043.jpg
2044,test,23.443058,0.719112,2.716646,1.038718,data/processed/food-nutrients/images/002044.jpg
2045,train,84.283714,8.285326,5.039431,7.774208,data/processed/food-nutrients/images/002045.jpg
2046,val,227.056778,26.228392,6.997268,14.303798,data/processed/food-nutrients/images/002046.jpg
2047,train,27.390959,0.499757,0.914156,2.612649,data/processed/food-nutrients/images/002047.jpg
2048,train,154.317169,16.284445,5.759966,16.664272,data/processed/food-nutrients/images/002048.jpg
2049,train,319.237152,23.104446,26.219967,22.678272,data/processed/food-nutrients/images/002049.jpg
2050,train,24.440001,1.525333,4.541334,0.381333,data/processed/food-nutrients/images/002050.jpg
2051,val,245.774109,29.050703,12.991465,24.884579,data/processed/food-nutrients/images/002051.jpg
2052,train,462.847504,56.331486,15.968175,34.812225,data/processed/food-nutrients/images/002052.jpg
2053,train,169.934235,21.133221,6.487778,18.81292,data/processed/food-nutrients/images/002053.jpg
2054,train,27.730003,1.730667,5.152667,0.432667,data/processed/food-nutrients/images/002054.jpg
2055,train,35.230003,2.480667,6.652667,0.432667,data/processed/food-nutrients/images/002055.jpg
2056,train,49.230003,2.865667,9.802668,0.467667,data/processed/food-nutrients/images/002056.jpg
2057,train,57.550003,3.229667,11.570667,0.519667,data/processed/food-nutrients/images/002057.jpg
2058,train,27.965,1.745333,5.196334,0.436333,data/processed/food-nutrients/images/002058.jpg
2059,train,89.85463,9.442002,7.559166,7.287953,data/processed/food-nutrients/images/002059.jpg
2060,train,103.154633,10.354001,10.219167,7.439952,data/processed/food-nutrients/images/002060.jpg
2061,val,143.585999,6.048,18.09,5.076,data/processed/food-nutrients/images/002061.jpg
2062,train,158.333496,6.314544,21.049206,5.430935,data/processed/food-nutrients/images/002062.jpg
2063,train,182.538498,7.82521,25.546873,5.808602,data/processed/food-nutrients/images/002063.jpg
2064,val,214.63649,9.570897,29.68194,6.977337,data/processed/food-nutrients/images/002064.jpg
2065,train,370.521423,29.161797,31.81958,14.106581,data/processed/food-nutrients/images/002065.jpg
2066,train,415.627411,34.771233,33.541649,19.100136,data/processed/food-nutrients/images/002066.jpg
2067,val,91.970001,6.29,0.238,7.14,data/processed/food-nutrients/images/002067.jpg
2068,train,140.990005,6.892,12.278,7.398,data/processed/food-nutrients/images/002068.jpg
2069,train,158.990005,7.252,16.837999,7.518,data/processed/food-nutrients/images/002069.jpg
2070,train,229.490005,8.302,25.838001,10.918,data/processed/food-nutrients/images/002070.jpg
2071,train,386.369995,18.902,27.534,22.577999,data/processed/food-nutrients/images/002071.jpg
2072,train,310.5,10.718,46.345001,9.2,data/processed/food-nutrients/images/002072.jpg
2073,train,312.0,10.868001,46.645,9.2,data/processed/food-nutrients/images/002073.jpg
2074,train,384.175995,18.148001,47.477001,13.646,data/processed/food-nutrients/images/002074.jpg
2075,train,32.43,0.483,4.14,1.564,data/processed/food-nutrients/images/002075.jpg
2076,train,267.75,16.383001,6.684,19.054001,data/processed/food-nutrients/images/002076.jpg
2077,train,357.059998,24.42,0.924,27.719999,data/processed/food-nutrients/images/002077.jpg
2078,train,53.5,0.535,13.91,0.107,data/processed/food-nutrients/images/002078.jpg
2079,train,93.100006,1.327,23.941999,0.371,data/processed/food-nutrients/images/002079.jpg
2080,test,129.01001,1.768,32.762001,0.56,data/processed/food-nutrients/images/002080.jpg
2081,train,210.350006,10.898,35.584,4.129,data/processed/food-nutrients/images/002081.jpg
2082,test,351.886047,12.099887,57.495316,9.768622,data/processed/food-nutrients/images/002082.jpg
2083,train,411.686035,23.599888,58.30032,9.998622,data/processed/food-nutrients/images/002083.jpg
2084,train,39.0,0.39,10.139999,0.078,data/processed/food-nutrients/images/002084.jpg
2085,test,74.279999,0.88,18.959999,0.176,data/processed/food-nutrients/images/002085.jpg
2086,train,93.029999,2.23,22.709999,0.401,data/processed/food-nutrients/images/002086.jpg
2087,test,244.343323,19.799664,27.165054,6.723852,data/processed/food-nutrients/images/002087.jpg
2088,train,427.446991,34.205318,37.594398,15.452144,data/processed/food-nutrients/images/002088.jpg
2089,train,237.710983,3.162,25.398001,14.688,data/processed/food-nutrients/images/002089.jpg
2090,train,686.97113,55.327595,38.625374,33.461006,data/processed/food-nutrients/images/002090.jpg
2091,train,990.400024,79.199821,55.908291,47.925026,data/processed/food-nutrients/images/002091.jpg
2092,train,1067.511108,82.447823,65.623291,50.651024,data/processed/food-nutrients/images/002092.jpg
2093,train,1116.391113,85.498482,74.705963,51.413692,data/processed/food-nutrients/images/002093.jpg
2094,val,1238.033691,87.671616,79.60125,62.574154,data/processed/food-nutrients/images/002094.jpg
2095,train,380.158081,29.908882,21.653313,18.121593,data/processed/food-nutrients/images/002095.jpg
2096,train,26.551344,1.741009,4.611115,0.665319,data/processed/food-nutrients/images/002096.jpg
2097,test,179.424591,19.491802,9.112096,7.053355,data/processed/food-nutrients/images/002097.jpg
2098,train,277.047302,20.962175,15.535334,14.928542,data/processed/food-nutrients/images/002098.jpg
2099,train,950.395081,74.772202,54.133282,45.303986,data/processed/food-nutrients/images/002099.jpg
2100,train,67.844879,1.291098,5.867841,4.713103,data/processed/food-nutrients/images/002100.jpg
2101,train,83.673561,2.329007,8.616775,5.109736,data/processed/food-nutrients/images/002101.jpg
2102,val,104.373558,3.778007,12.756775,5.351235,data/processed/food-nutrients/images/002102.jpg
2103,train,202.649231,15.189233,15.650263,9.457832,data/processed/food-nutrients/images/002103.jpg
2104,val,321.230652,24.518604,22.404507,15.110439,data/processed/food-nutrients/images/002104.jpg
2105,train,517.897095,60.135342,15.248222,21.6411,data/processed/food-nutrients/images/002105.jpg
2106,val,767.266785,79.754471,29.452,33.528202,data/processed/food-nutrients/images/002106.jpg
2107,train,797.566895,81.875473,35.512001,33.881702,data/processed/food-nutrients/images/002107.jpg
2108,train,886.946472,83.222633,42.644722,40.421227,data/processed/food-nutrients/images/002108.jpg
2109,train,155.81044,2.348426,12.434071,11.399983,data/processed/food-nutrients/images/002109.jpg
2110,train,541.200073,32.6689,34.385365,29.770956,data/processed/food-nutrients/images/002110.jpg
2111,test,75.399994,14.5,1.015,0.29,data/processed/food-nutrients/images/002111.jpg
2112,train,132.824387,15.085366,11.551586,1.753415,data/processed/food-nutrients/images/002112.jpg
2113,train,183.169998,12.33,1.458,13.9,data/processed/food-nutrients/images/002113.jpg
2114,train,284.690002,13.842,14.418001,18.796,data/processed/food-nutrients/images/002114.jpg
2115,train,357.669189,15.6948,29.586002,22.059999,data/processed/food-nutrients/images/002115.jpg
2116,train,194.399994,6.7104,29.016001,5.76,data/processed/food-nutrients/images/002116.jpg
2117,train,246.919983,16.8104,29.723001,5.962,data/processed/food-nutrients/images/002117.jpg
2118,train,339.756073,17.756741,46.757149,8.327854,data/processed/food-nutrients/images/002118.jpg
2119,train,471.643555,27.842804,57.670921,14.045855,data/processed/food-nutrients/images/002119.jpg
2120,train,561.703552,28.948807,79.790924,14.519855,data/processed/food-nutrients/images/002120.jpg
2121,test,322.640015,21.800001,3.488,23.98,data/processed/food-nutrients/images/002121.jpg
2122,train,365.53064,24.6124,10.936724,25.054745,data/processed/food-nutrients/images/002122.jpg
2123,train,493.589081,10.739063,69.953438,19.477127,data/processed/food-nutrients/images/002123.jpg
2124,train,114.385803,2.816,13.543484,6.131613,data/processed/food-nutrients/images/002124.jpg
2125,train,309.145813,16.136,14.047483,21.251612,data/processed/food-nutrients/images/002125.jpg
2126,train,557.728821,25.768,23.808483,42.536613,data/processed/food-nutrients/images/002126.jpg
2127,train,165.76001,11.2,1.792,12.32,data/processed/food-nutrients/images/002127.jpg
2128,train,190.920013,11.792,7.712,12.467999,data/processed/food-nutrients/images/002128.jpg
2129,train,268.832642,13.773809,21.797338,14.444396,data/processed/food-nutrients/images/002129.jpg
2130,train,193.880005,13.1,2.096,14.41,data/processed/food-nutrients/images/002130.jpg
2131,train,268.380005,13.845,21.466,14.559,data/processed/food-nutrients/images/002131.jpg
2132,val,398.220001,22.725,21.802,24.639,data/processed/food-nutrients/images/002132.jpg
2133,train,537.809998,24.804001,39.622002,31.371,data/processed/food-nutrients/images/002133.jpg
2134,train,48.299999,0.336,2.646,4.494,data/processed/food-nutrients/images/002134.jpg
2135,train,322.001984,27.681999,2.767,22.523001,data/processed/food-nutrients/images/002135.jpg
2136,train,331.901978,28.177,4.912,22.633001,data/processed/food-nutrients/images/002136.jpg
2137,val,345.84198,28.483,8.312,22.701002,data/processed/food-nutrients/images/002137.jpg
2138,train,362.641998,29.322998,12.092001,22.785002,data/processed/food-nutrients/images/002138.jpg
2139,train,385.441956,29.950001,17.222,22.842001,data/processed/food-nutrients/images/002139.jpg
2140,train,40.750244,1.741463,2.554147,3.134634,data/processed/food-nutrients/images/002140.jpg
2141,train,192.370255,8.011463,21.364147,8.663634,data/processed/food-nutrients/images/002141.jpg
2142,train,322.90625,25.201244,25.659563,23.71756,data/processed/food-nutrients/images/002142.jpg
2143,train,50.623695,3.843747,5.197519,1.979075,data/processed/food-nutrients/images/002143.jpg
2144,train,143.991699,6.571747,24.55752,4.091075,data/processed/food-nutrients/images/002144.jpg
2145,train,341.852448,23.540035,27.887177,16.774696,data/processed/food-nutrients/images/002145.jpg
2146,train,411.264465,32.680634,30.171246,24.779562,data/processed/food-nutrients/images/002146.jpg
2147,val,452.214478,34.570633,38.766243,25.004564,data/processed/food-nutrients/images/002147.jpg
2148,train,93.367996,2.728,19.360001,2.112,data/processed/food-nutrients/images/002148.jpg
2149,train,229.530243,14.405099,21.651379,10.840512,data/processed/food-nutrients/images/002149.jpg
2150,test,272.315186,20.039701,23.045525,15.777068,data/processed/food-nutrients/images/002150.jpg
2151,train,303.477142,21.371407,24.998693,18.174141,data/processed/food-nutrients/images/002151.jpg
2152,train,350.788818,22.234623,26.577688,22.686897,data/processed/food-nutrients/images/002152.jpg
2153,val,403.862,26.264353,32.026699,24.761736,data/processed/food-nutrients/images/002153.jpg
2154,test,65.742775,8.658039,2.142221,7.585437,data/processed/food-nutrients/images/002154.jpg
2155,train,84.662781,11.324039,4.980221,7.843437,data/processed/food-nutrients/images/002155.jpg
2156,val,88.662773,11.434039,5.880221,7.853437,data/processed/food-nutrients/images/002156.jpg
2157,test,157.493027,14.375502,10.194366,13.148071,data/processed/food-nutrients/images/002157.jpg
2158,train,62.099998,0.432,3.402,5.778,data/processed/food-nutrients/images/002158.jpg
2159,train,100.893005,1.818408,9.706854,6.93334,data/processed/food-nutrients/images/002159.jpg
2160,train,241.313019,7.718408,39.206856,7.40534,data/processed/food-nutrients/images/002160.jpg
2161,train,392.292175,9.994014,51.255371,18.451838,data/processed/food-nutrients/images/002161.jpg
2162,train,222.530014,9.35,46.75,0.748,data/processed/food-nutrients/images/002162.jpg
2163,train,286.027252,10.508528,48.869175,6.804595,data/processed/food-nutrients/images/002163.jpg
2164,train,370.827026,13.121026,56.243797,12.088502,data/processed/food-nutrients/images/002164.jpg
2165,test,398.630829,52.497948,12.98934,45.994236,data/processed/food-nutrients/images/002165.jpg
2166,train,951.910889,75.377937,81.629341,66.170242,data/processed/food-nutrients/images/002166.jpg
2167,train,194.226822,3.54373,6.482199,18.526054,data/processed/food-nutrients/images/002167.jpg
2168,train,291.838776,6.39573,26.722198,20.734053,data/processed/food-nutrients/images/002168.jpg
2169,train,514.112061,35.668152,33.964943,46.380054,data/processed/food-nutrients/images/002169.jpg
2170,test,645.323669,40.357468,55.290188,50.287819,data/processed/food-nutrients/images/002170.jpg
2171,train,118.96312,15.666928,3.8764,13.726029,data/processed/food-nutrients/images/002171.jpg
2172,train,126.154343,15.974245,4.327132,14.279201,data/processed/food-nutrients/images/002172.jpg
2173,train,244.986359,19.446245,28.967131,16.967199,data/processed/food-nutrients/images/002173.jpg
2174,train,139.833847,18.415512,4.55647,16.134104,data/processed/food-nutrients/images/002174.jpg
2175,train,170.995789,19.747221,6.509641,18.531178,data/processed/food-nutrients/images/002175.jpg
2176,train,119.654999,5.04,15.075001,4.23,data/processed/food-nutrients/images/002176.jpg
2177,train,276.682983,9.628,47.635002,7.782,data/processed/food-nutrients/images/002177.jpg
2178,train,604.323303,37.726025,53.148632,28.784986,data/processed/food-nutrients/images/002178.jpg
2179,train,631.706665,38.704674,57.599113,29.600521,data/processed/food-nutrients/images/002179.jpg
2180,train,767.739746,42.89555,69.42923,38.07679,data/processed/food-nutrients/images/002180.jpg
2181,train,112.839996,21.700001,1.519,0.434,data/processed/food-nutrients/images/002181.jpg
2182,train,137.319992,22.276001,7.279,0.578,data/processed/food-nutrients/images/002182.jpg
2183,train,220.585373,23.124781,22.557051,2.699951,data/processed/food-nutrients/images/002183.jpg
2184,train,268.829376,25.826782,23.14505,6.521951,data/processed/food-nutrients/images/002184.jpg
2185,train,298.119385,27.34178,29.81105,6.723951,data/processed/food-nutrients/images/002185.jpg
2186,train,195.360001,13.2,2.112,14.52,data/processed/food-nutrients/images/002186.jpg
2187,val,217.139999,13.662,7.392,14.717999,data/processed/food-nutrients/images/002187.jpg
2188,train,245.733765,15.536933,12.357816,15.434496,data/processed/food-nutrients/images/002188.jpg
2189,test,319.428375,16.288153,25.879768,17.312544,data/processed/food-nutrients/images/002189.jpg
2190,train,112.839996,21.700001,1.519,0.434,data/processed/food-nutrients/images/002190.jpg
2191,train,298.893005,35.959,3.038,14.202999,data/processed/food-nutrients/images/002191.jpg
2192,train,369.08429,37.687,11.348774,17.96558,data/processed/food-nutrients/images/002192.jpg
2193,train,402.784088,39.896744,17.201342,18.810022,data/processed/food-nutrients/images/002193.jpg
2194,train,19.402905,1.272276,3.369661,0.486194,data/processed/food-nutrients/images/002194.jpg
2195,train,224.982895,15.332276,3.901661,16.446194,data/processed/food-nutrients/images/002195.jpg
2196,train,371.862915,21.557278,16.471661,24.723194,data/processed/food-nutrients/images/002196.jpg
2197,train,418.75946,22.035324,25.07654,25.918316,data/processed/food-nutrients/images/002197.jpg
2198,train,694.123352,40.463898,27.803967,46.640221,data/processed/food-nutrients/images/002198.jpg
2199,train,81.119995,15.6,1.092,0.312,data/processed/food-nutrients/images/002199.jpg
2200,train,256.865997,25.443001,3.234,14.235001,data/processed/food-nutrients/images/002200.jpg
2201,val,38.07,2.376,7.074,0.594,data/processed/food-nutrients/images/002201.jpg
2202,train,207.814453,31.381857,10.491399,4.19148,data/processed/food-nutrients/images/002202.jpg
2203,train,308.89444,35.561859,23.031401,7.87748,data/processed/food-nutrients/images/002203.jpg
2204,train,38.720001,2.816,3.784,1.848,data/processed/food-nutrients/images/002204.jpg
2205,train,59.400002,4.106667,7.626667,2.170667,data/processed/food-nutrients/images/002205.jpg
2206,train,237.019379,19.792339,10.662965,13.74615,data/processed/food-nutrients/images/002206.jpg
2207,val,303.099365,22.034336,24.232965,13.86415,data/processed/food-nutrients/images/002207.jpg
2208,train,450.546722,39.78804,7.701827,29.3622,data/processed/food-nutrients/images/002208.jpg
2209,val,641.700317,72.452301,11.550248,33.413414,data/processed/food-nutrients/images/002209.jpg
2210,train,670.170288,75.572304,12.291248,35.285416,data/processed/food-nutrients/images/002210.jpg
2211,train,700.530396,77.780296,15.258248,36.734417,data/processed/food-nutrients/images/002211.jpg
2212,train,25.585732,0.587577,4.275406,0.920258,data/processed/food-nutrients/images/002212.jpg
2213,test,368.341003,30.525043,18.219273,20.78381,data/processed/food-nutrients/images/002213.jpg
2214,train,15.51,0.968,2.882,0.242,data/processed/food-nutrients/images/002214.jpg
2215,val,36.279591,1.444974,6.352623,0.989033,data/processed/food-nutrients/images/002215.jpg
2216,train,111.319603,3.990974,21.762623,1.123033,data/processed/food-nutrients/images/002216.jpg
2217,train,455.727905,34.405872,27.650078,23.568178,data/processed/food-nutrients/images/002217.jpg
2218,test,17.200001,0.473,3.87,0.043,data/processed/food-nutrients/images/002218.jpg
2219,train,58.599998,0.761,6.138,3.895,data/processed/food-nutrients/images/002219.jpg
2220,train,75.800003,1.621,10.008,3.981,data/processed/food-nutrients/images/002220.jpg
2221,train,85.339996,2.098,12.075,4.087,data/processed/food-nutrients/images/002221.jpg
2222,train,454.046021,38.936001,12.238,28.374001,data/processed/food-nutrients/images/002222.jpg
2223,train,474.136047,39.376999,17.138,28.472,data/processed/food-nutrients/images/002223.jpg
2224,train,301.086548,26.589127,5.146894,19.621857,data/processed/food-nutrients/images/002224.jpg
2225,test,645.126465,41.229122,44.186893,34.261852,data/processed/food-nutrients/images/002225.jpg
2226,val,882.837463,44.391125,69.584892,48.949856,data/processed/food-nutrients/images/002226.jpg
2227,train,146.244995,6.16,18.425001,5.17,data/processed/food-nutrients/images/002227.jpg
2228,train,199.044998,10.0,23.585001,7.69,data/processed/food-nutrients/images/002228.jpg
2229,test,220.044998,10.210001,29.045002,7.731999,data/processed/food-nutrients/images/002229.jpg
2230,train,240.020004,11.456667,32.756668,8.043666,data/processed/food-nutrients/images/002230.jpg
2231,train,319.539948,25.044996,34.357613,9.728971,data/processed/food-nutrients/images/002231.jpg
2232,train,369.359955,29.444637,35.209259,12.975754,data/processed/food-nutrients/images/002232.jpg
2233,train,60.720001,4.416,5.934,2.898,data/processed/food-nutrients/images/002233.jpg
2234,train,86.570007,6.029334,10.737333,3.301333,data/processed/food-nutrients/images/002234.jpg
2235,train,894.521667,77.380013,24.548782,55.955669,data/processed/food-nutrients/images/002235.jpg
2236,val,66.040001,12.7,0.889,0.254,data/processed/food-nutrients/images/002236.jpg
2237,test,102.440002,15.196,8.169001,0.67,data/processed/food-nutrients/images/002237.jpg
2238,train,29.92,0.704,7.04,0.176,data/processed/food-nutrients/images/002238.jpg
2239,val,117.013657,1.591805,23.020489,2.395512,data/processed/food-nutrients/images/002239.jpg
2240,train,135.913651,2.887805,26.800489,2.611512,data/processed/food-nutrients/images/002240.jpg
2241,train,315.31366,37.387806,29.215488,3.301512,data/processed/food-nutrients/images/002241.jpg
2242,train,339.673645,38.647804,34.759487,3.469512,data/processed/food-nutrients/images/002242.jpg
2243,train,57.57,0.707,14.14,0.303,data/processed/food-nutrients/images/002243.jpg
2244,train,118.470001,1.925,29.568001,0.709,data/processed/food-nutrients/images/002244.jpg
2245,train,169.320007,5.976,29.879999,3.486,data/processed/food-nutrients/images/002245.jpg
2246,train,54.099998,3.7,0.14,4.2,data/processed/food-nutrients/images/002246.jpg
2247,train,243.540009,16.5,2.188,18.279999,data/processed/food-nutrients/images/002247.jpg
2248,val,343.977386,24.180925,10.499256,22.634478,data/processed/food-nutrients/images/002248.jpg
2249,train,419.493378,24.971926,30.001255,22.837477,data/processed/food-nutrients/images/002249.jpg
2250,train,440.69339,25.451927,34.801258,23.117477,data/processed/food-nutrients/images/002250.jpg
2251,train,32.549999,2.232,6.51,0.372,data/processed/food-nutrients/images/002251.jpg
2252,train,343.350006,23.232,9.870001,23.472,data/processed/food-nutrients/images/002252.jpg
2253,test,420.928467,23.636036,11.427504,31.47023,data/processed/food-nutrients/images/002253.jpg
2254,train,626.508484,37.696037,11.959503,47.430229,data/processed/food-nutrients/images/002254.jpg
2255,test,643.618408,38.581036,15.853503,47.548229,data/processed/food-nutrients/images/002255.jpg
2256,train,46.896584,0.478049,8.604878,1.195122,data/processed/food-nutrients/images/002256.jpg
2257,train,202.2966,10.978048,10.284879,12.745122,data/processed/food-nutrients/images/002257.jpg
2258,val,236.636597,11.786048,18.36488,12.947122,data/processed/food-nutrients/images/002258.jpg
2259,train,262.261963,12.863122,21.506342,14.248585,data/processed/food-nutrients/images/002259.jpg
2260,test,49.279999,3.584,4.816,2.352,data/processed/food-nutrients/images/002260.jpg
2261,train,73.872749,4.40885,8.02375,3.572825,data/processed/food-nutrients/images/002261.jpg
2262,train,269.916046,29.324974,15.449356,10.461833,data/processed/food-nutrients/images/002262.jpg
2263,val,72.402824,1.364915,2.248366,6.906353,data/processed/food-nutrients/images/002263.jpg
2264,train,117.925575,2.891765,8.186116,9.166178,data/processed/food-nutrients/images/002264.jpg
2265,train,310.31958,8.625765,44.664116,11.850177,data/processed/food-nutrients/images/002265.jpg
2266,train,544.311523,18.481764,74.144119,20.122177,data/processed/food-nutrients/images/002266.jpg
2267,train,180.602646,3.663664,9.266831,15.631252,data/processed/food-nutrients/images/002267.jpg
2268,train,370.793976,27.836025,16.470776,22.314623,data/processed/food-nutrients/images/002268.jpg
2269,train,101.457962,1.529208,8.096603,7.423245,data/processed/food-nutrients/images/002269.jpg
2270,train,131.283218,2.529557,11.986854,8.903819,data/processed/food-nutrients/images/002270.jpg
2271,train,571.183777,53.608376,24.938656,27.285721,data/processed/food-nutrients/images/002271.jpg
2272,train,375.94339,43.652462,11.068739,15.709352,data/processed/food-nutrients/images/002272.jpg
2273,train,333.825195,38.761936,9.828672,13.949387,data/processed/food-nutrients/images/002273.jpg
2274,val,697.289185,80.965355,20.529985,29.137266,data/processed/food-nutrients/images/002274.jpg
2275,val,757.957092,82.056633,22.810631,34.776337,data/processed/food-nutrients/images/002275.jpg
2276,train,786.212585,83.004326,26.49613,36.178989,data/processed/food-nutrients/images/002276.jpg
2277,train,140.448929,17.850359,5.319837,4.935409,data/processed/food-nutrients/images/002277.jpg
2278,train,159.809174,18.49971,7.845087,5.896484,data/processed/food-nutrients/images/002278.jpg
2279,train,218.158203,20.238708,18.908087,6.710484,data/processed/food-nutrients/images/002279.jpg
2280,train,293.192169,21.95612,24.054247,12.387642,data/processed/food-nutrients/images/002280.jpg
2281,train,180.811996,7.616,22.780001,6.392,data/processed/food-nutrients/images/002281.jpg
2282,train,230.333145,8.362399,26.731916,10.01525,data/processed/food-nutrients/images/002282.jpg
2283,train,282.693146,12.170398,31.848915,12.514251,data/processed/food-nutrients/images/002283.jpg
2284,train,337.888184,13.815399,42.313908,13.28425,data/processed/food-nutrients/images/002284.jpg
2285,train,353.062378,14.324348,44.293163,14.037527,data/processed/food-nutrients/images/002285.jpg
2286,train,245.439987,47.200001,3.304,0.944,data/processed/food-nutrients/images/002286.jpg
2287,train,291.679993,48.288002,14.184,1.216,data/processed/food-nutrients/images/002287.jpg
2288,train,322.679993,48.598003,22.243999,1.278,data/processed/food-nutrients/images/002288.jpg
2289,train,402.117035,49.407761,36.819611,3.30239,data/processed/food-nutrients/images/002289.jpg
2290,val,436.337067,51.177761,44.607613,3.53839,data/processed/food-nutrients/images/002290.jpg
2291,train,275.200012,24.08,5.16,17.200001,data/processed/food-nutrients/images/002291.jpg
2292,train,495.720032,38.98,7.544,33.59,data/processed/food-nutrients/images/002292.jpg
2293,train,582.809204,41.124001,17.855515,38.258389,data/processed/food-nutrients/images/002293.jpg
2294,val,603.979248,42.219002,22.673515,38.404388,data/processed/food-nutrients/images/002294.jpg
2295,train,239.029999,13.409,14.228001,14.341,data/processed/food-nutrients/images/002295.jpg
2296,train,39.5,2.844,7.9,0.474,data/processed/food-nutrients/images/002296.jpg
2297,test,98.490021,3.910173,19.73682,1.893741,data/processed/food-nutrients/images/002297.jpg
2298,train,718.51178,98.594513,28.793682,22.656111,data/processed/food-nutrients/images/002298.jpg
2299,test,80.239189,1.559902,2.617095,7.624641,data/processed/food-nutrients/images/002299.jpg
2300,train,100.489189,3.017902,6.667095,7.867642,data/processed/food-nutrients/images/002300.jpg
2301,train,178.039185,4.172902,16.567097,11.607642,data/processed/food-nutrients/images/002301.jpg
2302,train,365.184875,32.752163,19.300793,17.874498,data/processed/food-nutrients/images/002302.jpg
2303,train,39.599998,2.88,3.87,1.89,data/processed/food-nutrients/images/002303.jpg
2304,train,342.701141,26.378635,8.849509,23.042091,data/processed/food-nutrients/images/002304.jpg
2305,val,376.620392,26.991686,15.655681,23.858444,data/processed/food-nutrients/images/002305.jpg
2306,train,157.878067,3.164272,6.455922,14.366603,data/processed/food-nutrients/images/002306.jpg
2307,train,215.884918,4.212677,18.095463,15.762681,data/processed/food-nutrients/images/002307.jpg
2308,train,608.703918,34.666901,24.548904,43.175797,data/processed/food-nutrients/images/002308.jpg
2309,train,148.089218,22.614895,2.163187,4.958992,data/processed/food-nutrients/images/002309.jpg
2310,train,259.479187,24.273895,16.383186,10.330991,data/processed/food-nutrients/images/002310.jpg
2311,train,565.005005,47.960518,21.402533,31.652304,data/processed/food-nutrients/images/002311.jpg
2312,train,634.505066,52.964516,35.302532,32.486301,data/processed/food-nutrients/images/002312.jpg
2313,val,757.505066,54.239513,51.552532,38.736301,data/processed/food-nutrients/images/002313.jpg
2314,test,396.190979,16.688,49.915001,14.006,data/processed/food-nutrients/images/002314.jpg
2315,train,340.35199,14.336,42.880001,12.032,data/processed/food-nutrients/images/002315.jpg
2316,train,485.186493,36.453865,44.995647,16.882004,data/processed/food-nutrients/images/002316.jpg
2317,train,532.706482,39.909866,49.639648,19.150002,data/processed/food-nutrients/images/002317.jpg
2318,test,659.906189,43.828613,60.701588,27.075863,data/processed/food-nutrients/images/002318.jpg
2319,train,49.767807,0.507317,9.131708,1.268293,data/processed/food-nutrients/images/002319.jpg
2320,train,108.967804,4.507317,9.771708,5.668293,data/processed/food-nutrients/images/002320.jpg
2321,train,214.527802,24.807318,11.192709,6.074293,data/processed/food-nutrients/images/002321.jpg
2322,train,492.309998,33.670002,1.274,38.219997,data/processed/food-nutrients/images/002322.jpg
2323,train,707.941284,100.636749,18.467739,23.036888,data/processed/food-nutrients/images/002323.jpg
2324,train,748.861206,103.612755,22.46674,24.989885,data/processed/food-nutrients/images/002324.jpg
2325,train,905.354492,108.82251,40.532917,32.071827,data/processed/food-nutrients/images/002325.jpg
2326,train,259.701996,21.991999,2.427,18.263,data/processed/food-nutrients/images/002326.jpg
2327,train,276.261993,22.819998,6.015,18.447001,data/processed/food-nutrients/images/002327.jpg
2328,val,309.061981,24.459997,13.395,18.611,data/processed/food-nutrients/images/002328.jpg
2329,train,130.291,5.488,16.415001,4.606,data/processed/food-nutrients/images/002329.jpg
2330,train,217.292999,8.030001,34.455002,6.574,data/processed/food-nutrients/images/002330.jpg
2331,train,260.852997,11.198001,38.712002,8.653,data/processed/food-nutrients/images/002331.jpg
2332,train,393.270325,15.606251,53.99876,14.645413,data/processed/food-nutrients/images/002332.jpg
2333,train,443.77182,23.56855,54.915268,16.095446,data/processed/food-nutrients/images/002333.jpg
2334,train,645.801453,41.446186,65.734329,25.345335,data/processed/food-nutrients/images/002334.jpg
2335,test,227.220001,15.54,0.588,17.639999,data/processed/food-nutrients/images/002335.jpg
2336,train,477.151001,30.713001,3.405,37.142998,data/processed/food-nutrients/images/002336.jpg
2337,train,487.873688,31.4161,5.267181,37.411686,data/processed/food-nutrients/images/002337.jpg
2338,train,245.0,9.898001,48.02,1.47,data/processed/food-nutrients/images/002338.jpg
2339,train,242.5,9.797,47.530003,1.455,data/processed/food-nutrients/images/002339.jpg
2340,train,385.007996,18.018,0.0,34.163998,data/processed/food-nutrients/images/002340.jpg
2341,train,585.302002,27.478001,15.394,45.343998,data/processed/food-nutrients/images/002341.jpg
2342,train,116.449997,5.5,8.95,6.5,data/processed/food-nutrients/images/002342.jpg
2343,train,161.75,6.406,20.425999,6.802,data/processed/food-nutrients/images/002343.jpg
2344,test,187.076355,8.460101,25.310051,7.090506,data/processed/food-nutrients/images/002344.jpg
2345,train,657.517517,48.924637,48.579582,30.844044,data/processed/food-nutrients/images/002345.jpg
2346,train,433.416992,18.256001,54.605,15.322,data/processed/food-nutrients/images/002346.jpg
2347,train,732.513428,63.006413,36.232471,36.986099,data/processed/food-nutrients/images/002347.jpg
2348,test,766.626526,65.773155,42.810986,37.374702,data/processed/food-nutrients/images/002348.jpg
2349,train,787.776489,67.09317,46.740982,37.704697,data/processed/food-nutrients/images/002349.jpg
2350,train,1264.54834,116.862572,57.291939,61.893875,data/processed/food-nutrients/images/002350.jpg
2351,val,14.0,0.385,3.15,0.035,data/processed/food-nutrients/images/002351.jpg
2352,train,50.799999,0.641,5.166,3.459,data/processed/food-nutrients/images/002352.jpg
2353,train,62.68,1.235,7.74,3.591,data/processed/food-nutrients/images/002353.jpg
2354,train,79.880005,2.095,11.610001,3.677,data/processed/food-nutrients/images/002354.jpg
2355,train,646.588135,55.615635,31.982321,32.647552,data/processed/food-nutrients/images/002355.jpg
2356,test,39.480003,2.464,7.336,0.616,data/processed/food-nutrients/images/002356.jpg
2357,train,523.367859,52.976246,18.044437,25.166206,data/processed/food-nutrients/images/002357.jpg
2358,train,240.164917,25.070414,5.314849,12.184845,data/processed/food-nutrients/images/002358.jpg
2359,test,348.557159,28.944201,22.931355,15.413,data/processed/food-nutrients/images/002359.jpg
2360,train,378.817108,31.213701,28.582855,15.813499,data/processed/food-nutrients/images/002360.jpg
2361,test,400.202118,32.54837,32.556522,16.147165,data/processed/food-nutrients/images/002361.jpg
2362,train,345.125885,36.027115,7.637636,17.510075,data/processed/food-nutrients/images/002362.jpg
2363,train,476.337524,40.716434,28.962877,21.417841,data/processed/food-nutrients/images/002363.jpg
2364,test,498.821136,42.539974,33.298721,21.673965,data/processed/food-nutrients/images/002364.jpg
2365,test,519.50116,43.830639,37.141384,21.996632,data/processed/food-nutrients/images/002365.jpg
2366,train,305.370026,30.51,0.135,20.115,data/processed/food-nutrients/images/002366.jpg
2367,train,345.620026,30.790001,2.34,23.860001,data/processed/food-nutrients/images/002367.jpg
2368,train,354.26004,31.222,4.212,23.956001,data/processed/food-nutrients/images/002368.jpg
2369,train,133.219666,2.430635,4.446124,12.706974,data/processed/food-nutrients/images/002369.jpg
2370,train,205.212921,5.11141,16.700045,14.074488,data/processed/food-nutrients/images/002370.jpg
2371,train,510.05069,34.305462,20.955044,32.323368,data/processed/food-nutrients/images/002371.jpg
2372,train,113.751038,1.598034,6.298835,9.80839,data/processed/food-nutrients/images/002372.jpg
2373,train,157.001038,4.712034,14.948835,10.32739,data/processed/food-nutrients/images/002373.jpg
2374,train,261.616272,8.607536,32.755318,12.314557,data/processed/food-nutrients/images/002374.jpg
2375,train,484.618347,29.964256,35.868031,25.66441,data/processed/food-nutrients/images/002375.jpg
2376,train,389.65799,37.975998,18.786001,22.018,data/processed/food-nutrients/images/002376.jpg
2377,test,479.757751,40.751778,26.621544,27.632151,data/processed/food-nutrients/images/002377.jpg
2378,train,605.507202,43.046116,30.81835,39.626583,data/processed/food-nutrients/images/002378.jpg
2379,train,39.5,2.844,7.9,0.474,data/processed/food-nutrients/images/002379.jpg
2380,train,282.477234,11.891616,49.256981,5.089361,data/processed/food-nutrients/images/002380.jpg
2381,train,380.679993,21.29641,50.62772,10.968196,data/processed/food-nutrients/images/002381.jpg
2382,train,395.729828,21.758062,52.371742,11.635026,data/processed/food-nutrients/images/002382.jpg
2383,test,498.769836,25.254065,73.531738,11.819027,data/processed/food-nutrients/images/002383.jpg
2384,train,177.659988,7.56,20.16,7.56,data/processed/food-nutrients/images/002384.jpg
2385,train,217.028381,8.091219,21.601864,11.281487,data/processed/food-nutrients/images/002385.jpg
2386,train,246.028381,8.381219,29.141865,11.339486,data/processed/food-nutrients/images/002386.jpg
2387,train,261.028381,9.461219,32.141861,11.519486,data/processed/food-nutrients/images/002387.jpg
2388,train,455.387939,28.074873,34.854778,23.15468,data/processed/food-nutrients/images/002388.jpg
2389,train,497.719971,34.040001,1.288,38.639999,data/processed/food-nutrients/images/002389.jpg
2390,train,97.379997,6.66,0.252,7.56,data/processed/food-nutrients/images/002390.jpg
2391,train,213.859985,29.059999,1.82,8.008,data/processed/food-nutrients/images/002391.jpg
2392,train,199.266052,25.466618,8.858501,20.85108,data/processed/food-nutrients/images/002392.jpg
2393,train,249.899155,26.381748,19.018438,22.069691,data/processed/food-nutrients/images/002393.jpg
2394,train,381.110779,31.071066,40.343685,25.977457,data/processed/food-nutrients/images/002394.jpg
2395,train,431.635803,34.224403,49.732021,26.765793,data/processed/food-nutrients/images/002395.jpg
2396,test,31.049999,0.216,1.701,2.889,data/processed/food-nutrients/images/002396.jpg
2397,train,36.809998,0.504,2.949,2.953,data/processed/food-nutrients/images/002397.jpg
2398,train,178.982971,18.674,9.269392,17.829895,data/processed/food-nutrients/images/002398.jpg
2399,train,311.142975,43.553997,9.269392,20.709892,data/processed/food-nutrients/images/002399.jpg
2400,train,364.234009,44.513561,19.922529,21.987663,data/processed/food-nutrients/images/002400.jpg
2401,train,26.545507,0.479778,5.326569,0.638884,data/processed/food-nutrients/images/002401.jpg
2402,train,442.728943,52.757278,11.774262,19.221478,data/processed/food-nutrients/images/002402.jpg
2403,train,164.858002,6.944,20.77,5.828,data/processed/food-nutrients/images/002403.jpg
2404,train,248.09465,17.399502,22.05954,9.544518,data/processed/food-nutrients/images/002404.jpg
2405,train,270.70752,17.808199,26.596989,10.088751,data/processed/food-nutrients/images/002405.jpg
2406,test,342.378204,18.77529,29.221918,16.863768,data/processed/food-nutrients/images/002406.jpg
2407,val,361.413239,19.963291,32.758915,17.160767,data/processed/food-nutrients/images/002407.jpg
2408,train,194.326996,4.879,29.155001,7.021,data/processed/food-nutrients/images/002408.jpg
2409,train,175.746002,9.843,2.142,13.923,data/processed/food-nutrients/images/002409.jpg
2410,test,236.06601,21.443001,2.954,14.155001,data/processed/food-nutrients/images/002410.jpg
2411,train,450.666016,35.943001,5.274,30.105001,data/processed/food-nutrients/images/002411.jpg
2412,train,148.178009,8.299,1.806,11.739,data/processed/food-nutrients/images/002412.jpg
2413,train,222.278015,11.681,6.366,16.299,data/processed/food-nutrients/images/002413.jpg
2414,train,81.119995,15.6,1.092,0.312,data/processed/food-nutrients/images/002414.jpg
2415,train,183.586426,23.436096,9.571161,4.754447,data/processed/food-nutrients/images/002415.jpg
2416,train,234.494431,24.059095,22.387161,5.021447,data/processed/food-nutrients/images/002416.jpg
2417,train,335.944183,25.093241,41.001797,7.606813,data/processed/food-nutrients/images/002417.jpg
2418,train,48.810734,0.497561,8.956099,1.243902,data/processed/food-nutrients/images/002418.jpg
2419,train,419.31073,17.40756,31.756098,24.043901,data/processed/food-nutrients/images/002419.jpg
2420,test,227.009995,3.381,28.980001,10.948001,data/processed/food-nutrients/images/002420.jpg
2421,val,324.25,22.081001,30.289001,11.322001,data/processed/food-nutrients/images/002421.jpg
2422,train,115.805847,1.180488,21.248781,2.951219,data/processed/food-nutrients/images/002422.jpg
2423,val,141.005844,1.684488,27.632782,3.119219,data/processed/food-nutrients/images/002423.jpg
2424,test,194.015839,2.335488,40.652782,3.398219,data/processed/food-nutrients/images/002424.jpg
2425,train,220.535858,2.959488,46.892776,3.554219,data/processed/food-nutrients/images/002425.jpg
2426,train,248.535843,3.239488,54.172783,3.610219,data/processed/food-nutrients/images/002426.jpg
2427,train,464.855835,44.839493,57.084778,4.442219,data/processed/food-nutrients/images/002427.jpg
2428,train,497.915833,46.549492,64.60878,4.670219,data/processed/food-nutrients/images/002428.jpg
2429,train,15.841,0.511,3.723,0.073,data/processed/food-nutrients/images/002429.jpg
2430,train,142.740997,2.401,19.923,6.193,data/processed/food-nutrients/images/002430.jpg
2431,val,208.098145,6.68656,31.273438,7.830707,data/processed/food-nutrients/images/002431.jpg
2432,val,600.798035,36.421764,39.35067,34.061848,data/processed/food-nutrients/images/002432.jpg
2433,train,712.456421,51.12669,42.989044,46.945045,data/processed/food-nutrients/images/002433.jpg
2434,train,404.167999,17.024,50.920002,14.287999,data/processed/food-nutrients/images/002434.jpg
2435,train,541.238098,20.289171,57.831768,25.873276,data/processed/food-nutrients/images/002435.jpg
2436,train,23.1,0.462,5.852,0.154,data/processed/food-nutrients/images/002436.jpg
2437,train,177.188782,2.032732,34.125175,4.080829,data/processed/food-nutrients/images/002437.jpg
2438,train,208.928787,2.354732,42.405174,4.172829,data/processed/food-nutrients/images/002438.jpg
2439,train,478.808777,54.254734,46.038174,5.210829,data/processed/food-nutrients/images/002439.jpg
2440,test,502.878784,55.499733,51.516174,5.376829,data/processed/food-nutrients/images/002440.jpg
2441,train,87.331001,6.693,0.713,6.463,data/processed/food-nutrients/images/002441.jpg
2442,train,235.531006,35.193001,2.708,7.033,data/processed/food-nutrients/images/002442.jpg
2443,train,26.1625,0.8775,3.4125,1.29875,data/processed/food-nutrients/images/002443.jpg
2444,train,127.107117,2.239599,7.109585,10.841025,data/processed/food-nutrients/images/002444.jpg
2445,train,591.435242,41.9048,14.729663,41.458504,data/processed/food-nutrients/images/002445.jpg
2446,train,304.052368,25.973656,4.989798,20.049007,data/processed/food-nutrients/images/002446.jpg
2447,train,367.6474,26.831778,7.318961,26.060642,data/processed/food-nutrients/images/002447.jpg
2448,train,623.007507,37.391777,38.998962,35.372643,data/processed/food-nutrients/images/002448.jpg
2449,train,851.396545,40.429775,63.400967,49.484638,data/processed/food-nutrients/images/002449.jpg
2450,train,279.194977,11.76,35.174999,9.87,data/processed/food-nutrients/images/002450.jpg
2451,train,307.944977,11.96,36.75,12.545,data/processed/food-nutrients/images/002451.jpg
2452,val,399.804565,13.19951,40.114349,21.22847,data/processed/food-nutrients/images/002452.jpg
2453,val,601.348572,51.14151,40.114346,25.62047,data/processed/food-nutrients/images/002453.jpg
2454,train,829.737549,54.179504,64.516342,39.732468,data/processed/food-nutrients/images/002454.jpg
2455,test,1030.160645,56.845505,85.930336,52.116467,data/processed/food-nutrients/images/002455.jpg
2456,train,153.204697,13.087502,2.514239,10.102215,data/processed/food-nutrients/images/002456.jpg
2457,train,330.840851,32.21138,14.725341,26.888262,data/processed/food-nutrients/images/002457.jpg
2458,train,374.793854,33.685577,20.45834,29.070162,data/processed/food-nutrients/images/002458.jpg
2459,test,498.018677,38.089466,40.485527,32.74007,data/processed/food-nutrients/images/002459.jpg
2460,val,239.309998,10.08,30.150002,8.46,data/processed/food-nutrients/images/002460.jpg
2461,train,72.360779,1.450291,2.958964,6.584693,data/processed/food-nutrients/images/002461.jpg
2462,train,203.66246,4.929469,13.156699,15.866496,data/processed/food-nutrients/images/002462.jpg
2463,train,268.266998,5.801213,15.522832,21.973553,data/processed/food-nutrients/images/002463.jpg
2464,test,352.946991,15.081212,17.726831,27.541552,data/processed/food-nutrients/images/002464.jpg
2465,train,506.847046,27.231215,44.726837,28.081553,data/processed/food-nutrients/images/002465.jpg
2466,train,92.339996,7.29,16.200001,0.324,data/processed/food-nutrients/images/002466.jpg
2467,train,170.615997,9.364126,22.279419,5.857383,data/processed/food-nutrients/images/002467.jpg
2468,train,190.499496,10.031026,24.872919,6.844433,data/processed/food-nutrients/images/002468.jpg
2469,train,251.781372,15.266026,25.878613,10.885319,data/processed/food-nutrients/images/002469.jpg
2470,train,500.918823,42.087563,43.004883,34.428013,data/processed/food-nutrients/images/002470.jpg
2471,val,96.261002,2.903,18.35,2.743,data/processed/food-nutrients/images/002471.jpg
2472,train,212.347305,4.469414,22.601648,13.716616,data/processed/food-nutrients/images/002472.jpg
2473,train,542.326721,32.657883,28.016935,35.475227,data/processed/food-nutrients/images/002473.jpg
2474,train,54.599998,10.5,0.735,0.21,data/processed/food-nutrients/images/002474.jpg
2475,train,207.569,15.059,29.738001,2.344,data/processed/food-nutrients/images/002475.jpg
2476,test,287.306,21.17,30.389,8.245,data/processed/food-nutrients/images/002476.jpg
2477,train,327.986023,21.735001,40.558998,8.358,data/processed/food-nutrients/images/002477.jpg
2478,train,10.08,0.504,2.184,0.112,data/processed/food-nutrients/images/002478.jpg
2479,train,238.027573,17.603327,5.8212,15.737777,data/processed/food-nutrients/images/002479.jpg
2480,test,258.327576,18.995329,9.881201,15.969777,data/processed/food-nutrients/images/002480.jpg
2481,train,316.827545,19.580328,25.091196,16.086779,data/processed/food-nutrients/images/002481.jpg
2482,train,491.939545,52.546329,25.0912,19.902781,data/processed/food-nutrients/images/002482.jpg
2483,train,516.089478,52.714333,26.4142,22.14978,data/processed/food-nutrients/images/002483.jpg
2484,train,50.136581,2.107317,6.146341,2.546341,data/processed/food-nutrients/images/002484.jpg
2485,train,621.091003,44.937073,15.256662,41.685188,data/processed/food-nutrients/images/002485.jpg
2486,val,327.810303,24.590466,5.23064,22.471354,data/processed/food-nutrients/images/002486.jpg
2487,train,398.001526,27.54071,13.835518,26.036234,data/processed/food-nutrients/images/002487.jpg
2488,train,530.596924,40.410912,15.705273,33.648357,data/processed/food-nutrients/images/002488.jpg
2489,train,103.700996,4.368,13.065001,3.666,data/processed/food-nutrients/images/002489.jpg
2490,train,331.007507,26.4312,16.270294,16.715342,data/processed/food-nutrients/images/002490.jpg
2491,val,372.230896,28.163883,21.323952,18.809,data/processed/food-nutrients/images/002491.jpg
2492,train,504.417786,30.773952,23.514265,31.904985,data/processed/food-nutrients/images/002492.jpg
2493,train,575.185059,31.990742,35.539471,33.986801,data/processed/food-nutrients/images/002493.jpg
2494,train,43.279999,2.96,0.112,3.36,data/processed/food-nutrients/images/002494.jpg
2495,train,90.599998,12.06,0.749,3.542,data/processed/food-nutrients/images/002495.jpg
2496,train,180.56488,12.977074,17.256317,5.834682,data/processed/food-nutrients/images/002496.jpg
2497,test,255.804886,13.901073,35.736317,6.230683,data/processed/food-nutrients/images/002497.jpg
2498,train,348.126129,20.961317,43.375961,10.233284,data/processed/food-nutrients/images/002498.jpg
2499,test,398.496124,21.472317,56.515961,10.379284,data/processed/food-nutrients/images/002499.jpg
2500,test,263.749023,11.447001,25.220001,13.847,data/processed/food-nutrients/images/002500.jpg
2501,train,291.309021,16.747002,25.591002,13.953,data/processed/food-nutrients/images/002501.jpg
2502,train,467.054993,26.59,27.733002,27.875999,data/processed/food-nutrients/images/002502.jpg
2503,train,481.503418,26.921808,30.147346,28.395676,data/processed/food-nutrients/images/002503.jpg
2504,train,543.713135,27.555956,41.561977,29.981041,data/processed/food-nutrients/images/002504.jpg
2505,train,206.959991,39.799999,2.786,0.796,data/processed/food-nutrients/images/002505.jpg
2506,train,304.581451,40.79512,20.698196,3.283805,data/processed/food-nutrients/images/002506.jpg
2507,train,331.581451,41.17012,27.448196,3.358805,data/processed/food-nutrients/images/002507.jpg
2508,val,381.171448,41.779121,39.628197,3.619805,data/processed/food-nutrients/images/002508.jpg
2509,train,92.039993,17.700001,1.239,0.354,data/processed/food-nutrients/images/002509.jpg
2510,train,178.176575,18.578049,17.043879,2.549122,data/processed/food-nutrients/images/002510.jpg
2511,train,234.606583,19.271049,30.903877,2.846122,data/processed/food-nutrients/images/002511.jpg
2512,val,41.594833,1.024,4.924903,2.229677,data/processed/food-nutrients/images/002512.jpg
2513,val,379.034851,23.824001,8.572904,27.309677,data/processed/food-nutrients/images/002513.jpg
2514,test,638.714844,41.584,9.244903,47.469677,data/processed/food-nutrients/images/002514.jpg
2515,train,129.097992,9.894,1.054,9.554,data/processed/food-nutrients/images/002515.jpg
2516,train,299.297974,21.394001,2.894,22.203999,data/processed/food-nutrients/images/002516.jpg
2517,train,359.927979,22.297001,10.634001,25.127998,data/processed/food-nutrients/images/002517.jpg
2518,train,62.585663,0.844501,2.292192,5.91621,data/processed/food-nutrients/images/002518.jpg
2519,train,609.333923,52.597542,12.058959,37.047943,data/processed/food-nutrients/images/002519.jpg
2520,train,252.680466,23.91774,4.513725,14.387574,data/processed/food-nutrients/images/002520.jpg
2521,train,296.240448,27.085739,8.770726,16.466574,data/processed/food-nutrients/images/002521.jpg
2522,train,319.490448,28.759739,13.420726,16.745577,data/processed/food-nutrients/images/002522.jpg
2523,train,280.281769,4.109205,20.304913,21.615925,data/processed/food-nutrients/images/002523.jpg
2524,train,315.591034,5.192313,24.396652,23.180414,data/processed/food-nutrients/images/002524.jpg
2525,train,544.310486,26.841993,28.482351,36.203651,data/processed/food-nutrients/images/002525.jpg
2526,train,15.4,1.21,2.915,0.22,data/processed/food-nutrients/images/002526.jpg
2527,train,47.599998,3.418,9.355,0.588,data/processed/food-nutrients/images/002527.jpg
2528,train,193.649994,4.434,17.355999,14.177,data/processed/food-nutrients/images/002528.jpg
2529,val,578.099976,76.664001,17.355999,22.564999,data/processed/food-nutrients/images/002529.jpg
2530,train,908.60498,76.664001,19.202002,59.342999,data/processed/food-nutrients/images/002530.jpg
2531,train,1324.084961,76.664001,19.202002,106.343002,data/processed/food-nutrients/images/002531.jpg
2532,train,43.75,3.15,8.75,0.525,data/processed/food-nutrients/images/002532.jpg
2533,train,228.459991,5.901,32.330002,9.433001,data/processed/food-nutrients/images/002533.jpg
2534,val,614.015503,42.396172,39.217323,31.386456,data/processed/food-nutrients/images/002534.jpg
2535,test,52.491199,0.708292,1.922484,4.961983,data/processed/food-nutrients/images/002535.jpg
2536,train,124.089249,2.100204,4.257738,11.76551,data/processed/food-nutrients/images/002536.jpg
2537,train,219.813263,6.132204,16.317738,15.149511,data/processed/food-nutrients/images/002537.jpg
2538,train,323.553284,10.422204,29.18774,18.93251,data/processed/food-nutrients/images/002538.jpg
2539,train,15.6,0.429,3.51,0.039,data/processed/food-nutrients/images/002539.jpg
2540,train,43.099998,2.409,9.01,0.369,data/processed/food-nutrients/images/002540.jpg
2541,train,57.5,3.129,12.25,0.441,data/processed/food-nutrients/images/002541.jpg
2542,train,69.200005,3.714,14.785,0.571,data/processed/food-nutrients/images/002542.jpg
2543,train,340.127991,54.717999,14.785001,6.475,data/processed/food-nutrients/images/002543.jpg
2544,val,375.227997,55.419998,23.677,6.709,data/processed/food-nutrients/images/002544.jpg
2545,test,186.12999,7.84,23.450001,6.58,data/processed/food-nutrients/images/002545.jpg
2546,train,325.539917,21.035995,25.940332,14.517972,data/processed/food-nutrients/images/002546.jpg
2547,train,520.864685,35.657082,38.407925,23.834845,data/processed/food-nutrients/images/002547.jpg
2548,test,539.864685,37.025078,42.207928,24.062843,data/processed/food-nutrients/images/002548.jpg
2549,train,586.944702,40.449074,46.808929,26.309841,data/processed/food-nutrients/images/002549.jpg
2550,train,127.279999,8.6,1.376,9.46,data/processed/food-nutrients/images/002550.jpg
2551,train,313.440002,44.400002,3.882,10.176,data/processed/food-nutrients/images/002551.jpg
2552,train,426.374634,45.55122,24.603952,13.054049,data/processed/food-nutrients/images/002552.jpg
2553,train,454.274597,46.109219,31.671951,13.240049,data/processed/food-nutrients/images/002553.jpg
2554,train,501.884644,46.59222,44.091949,13.378048,data/processed/food-nutrients/images/002554.jpg
2555,test,523.634644,47.71722,49.041954,13.528048,data/processed/food-nutrients/images/002555.jpg
2556,train,89.964882,0.917073,16.507318,2.292683,data/processed/food-nutrients/images/002556.jpg
2557,train,172.644882,16.817074,17.620319,2.610683,data/processed/food-nutrients/images/002557.jpg
2558,train,226.744873,20.517075,17.760319,6.810682,data/processed/food-nutrients/images/002558.jpg
2559,train,390.872986,16.464001,49.245003,13.818,data/processed/food-nutrients/images/002559.jpg
2560,train,435.312988,19.696001,53.588001,15.939,data/processed/food-nutrients/images/002560.jpg
2561,train,132.599991,29.58,0.0,0.612,data/processed/food-nutrients/images/002561.jpg
2562,train,352.315979,70.943001,0.0,5.4,data/processed/food-nutrients/images/002562.jpg
2563,train,379.915985,72.322998,6.21,5.538,data/processed/food-nutrients/images/002563.jpg
2564,train,582.0,80.834999,31.670002,12.681999,data/processed/food-nutrients/images/002564.jpg
2565,train,595.140015,81.492004,34.517002,12.827999,data/processed/food-nutrients/images/002565.jpg
2566,train,623.429932,82.112991,41.417,12.966,data/processed/food-nutrients/images/002566.jpg
2567,test,656.429932,82.443001,49.997002,13.032,data/processed/food-nutrients/images/002567.jpg
2568,train,16.66,1.2495,3.1115,0.2205,data/processed/food-nutrients/images/002568.jpg
2569,train,435.493286,41.902988,9.017551,24.26512,data/processed/food-nutrients/images/002569.jpg
2570,val,557.521606,43.740959,17.046598,34.1091,data/processed/food-nutrients/images/002570.jpg
2571,test,200.386719,4.773446,10.10451,16.936852,data/processed/food-nutrients/images/002571.jpg
2572,test,324.39798,13.664001,40.870003,11.467999,data/processed/food-nutrients/images/002572.jpg
2573,train,465.412231,27.351355,42.858475,19.563423,data/processed/food-nutrients/images/002573.jpg
2574,train,504.065033,28.041883,44.41399,23.109737,data/processed/food-nutrients/images/002574.jpg
2575,train,529.144897,29.865883,46.864986,24.306738,data/processed/food-nutrients/images/002575.jpg
2576,train,26.52,1.989,4.953,0.351,data/processed/food-nutrients/images/002576.jpg
2577,train,55.965,3.2725,10.842,1.0305,data/processed/food-nutrients/images/002577.jpg
2578,train,222.235489,19.411322,13.186614,10.575852,data/processed/food-nutrients/images/002578.jpg
2579,train,396.804047,25.650156,41.558456,15.774881,data/processed/food-nutrients/images/002579.jpg
2580,train,93.064995,3.92,11.725,3.29,data/processed/food-nutrients/images/002580.jpg
2581,train,250.916733,19.241669,13.950899,12.352043,data/processed/food-nutrients/images/002581.jpg
2582,train,268.661774,20.015167,17.499899,12.761543,data/processed/food-nutrients/images/002582.jpg
2583,train,406.821747,30.063168,31.0019,19.355543,data/processed/food-nutrients/images/002583.jpg
2584,train,196.559998,37.799999,2.646,0.756,data/processed/food-nutrients/images/002584.jpg
2585,train,322.893646,39.087803,25.826488,3.975512,data/processed/food-nutrients/images/002585.jpg
2586,train,351.405518,39.603123,31.547619,4.66172,data/processed/food-nutrients/images/002586.jpg
2587,train,386.59552,39.960121,40.727619,4.763721,data/processed/food-nutrients/images/002587.jpg
2588,train,428.59549,40.800117,51.367619,5.04372,data/processed/food-nutrients/images/002588.jpg
2589,train,451.795471,42.000122,56.647617,5.20372,data/processed/food-nutrients/images/002589.jpg
2590,train,98.578537,1.004878,18.087807,2.512195,data/processed/food-nutrients/images/002590.jpg
2591,test,135.37854,4.224878,18.777807,4.812195,data/processed/food-nutrients/images/002591.jpg
2592,train,340.958527,18.284878,19.309807,20.772194,data/processed/food-nutrients/images/002592.jpg
2593,train,406.998535,30.984879,20.198807,21.026194,data/processed/food-nutrients/images/002593.jpg
2594,train,74.360001,14.3,1.001,0.286,data/processed/food-nutrients/images/002594.jpg
2595,train,663.939575,107.055565,8.94381,19.142382,data/processed/food-nutrients/images/002595.jpg
2596,train,898.019653,116.735558,37.98381,27.678381,data/processed/food-nutrients/images/002596.jpg
2597,train,53.613285,3.515498,9.310905,1.343432,data/processed/food-nutrients/images/002597.jpg
2598,train,302.886444,16.297201,40.929695,9.08052,data/processed/food-nutrients/images/002598.jpg
2599,train,391.326447,22.7292,49.572693,13.301519,data/processed/food-nutrients/images/002599.jpg
2600,train,64.405495,3.30245,8.169447,1.999056,data/processed/food-nutrients/images/002600.jpg
2601,train,145.937561,14.462402,12.175006,11.480614,data/processed/food-nutrients/images/002601.jpg
2602,train,173.791214,15.633135,15.58964,12.895247,data/processed/food-nutrients/images/002602.jpg
2603,train,314.77124,21.463133,33.079639,18.036247,data/processed/food-nutrients/images/002603.jpg
2604,train,40.848213,2.678475,7.094023,1.023567,data/processed/food-nutrients/images/002604.jpg
2605,train,112.960785,4.252189,13.839738,5.843282,data/processed/food-nutrients/images/002605.jpg
2606,train,298.380798,24.572189,18.665737,18.03528,data/processed/food-nutrients/images/002606.jpg
2607,val,40.48,2.944,3.956,1.932,data/processed/food-nutrients/images/002607.jpg
2608,test,73.669174,5.120261,9.719893,2.763648,data/processed/food-nutrients/images/002608.jpg
2609,val,250.187943,14.171419,32.110229,8.242543,data/processed/food-nutrients/images/002609.jpg
2610,train,201.565338,10.335444,25.567343,6.256306,data/processed/food-nutrients/images/002610.jpg
2611,train,244.455963,13.147844,33.016068,7.331051,data/processed/food-nutrients/images/002611.jpg
2612,train,263.816223,13.797193,35.541317,8.292127,data/processed/food-nutrients/images/002612.jpg
2613,train,291.816223,14.077192,42.821316,8.348126,data/processed/food-nutrients/images/002613.jpg
2614,test,364.416199,19.357193,49.916317,11.813126,data/processed/food-nutrients/images/002614.jpg
2615,train,167.709991,11.47,0.434,13.02,data/processed/food-nutrients/images/002615.jpg
2616,val,221.604736,13.27765,7.46375,15.695424,data/processed/food-nutrients/images/002616.jpg
2617,train,570.884766,36.877651,11.23975,41.655426,data/processed/food-nutrients/images/002617.jpg
2618,train,92.418648,3.302913,15.020389,2.752427,data/processed/food-nutrients/images/002618.jpg
2619,train,154.358154,4.422395,27.449049,4.243155,data/processed/food-nutrients/images/002619.jpg
2620,train,319.280365,19.016382,36.280937,11.794086,data/processed/food-nutrients/images/002620.jpg
2621,train,32.936092,0.59528,6.608891,0.792689,data/processed/food-nutrients/images/002621.jpg
2622,test,404.011017,33.431751,26.480633,17.782284,data/processed/food-nutrients/images/002622.jpg
2623,val,470.011047,38.23175,32.930637,20.932283,data/processed/food-nutrients/images/002623.jpg
2624,train,49.649929,0.897363,9.962658,1.194949,data/processed/food-nutrients/images/002624.jpg
2625,train,150.530945,2.631936,27.104969,4.162645,data/processed/food-nutrients/images/002625.jpg
2626,train,560.774963,38.934471,49.074287,22.945583,data/processed/food-nutrients/images/002626.jpg
2627,train,287.639984,12.24,32.639999,12.24,data/processed/food-nutrients/images/002627.jpg
2628,train,305.828583,12.568737,36.289688,12.677753,data/processed/food-nutrients/images/002628.jpg
2629,train,359.408569,13.366736,43.129684,15.261753,data/processed/food-nutrients/images/002629.jpg
2630,train,396.63858,17.446737,44.098686,17.709755,data/processed/food-nutrients/images/002630.jpg
2631,train,446.326233,18.301077,52.541916,19.171455,data/processed/food-nutrients/images/002631.jpg
2632,val,470.086212,20.029079,54.863914,20.305454,data/processed/food-nutrients/images/002632.jpg
2633,train,13.110001,1.653,2.052,0.228,data/processed/food-nutrients/images/002633.jpg
2634,train,23.210001,2.663,4.072,0.228,data/processed/food-nutrients/images/002634.jpg
2635,test,171.559998,3.695,12.198999,14.031,data/processed/food-nutrients/images/002635.jpg
2636,train,362.960022,39.654999,12.198999,18.207001,data/processed/food-nutrients/images/002636.jpg
2637,train,479.248993,50.022999,13.332999,25.929001,data/processed/food-nutrients/images/002637.jpg
2638,train,600.278931,50.022999,14.009,39.396999,data/processed/food-nutrients/images/002638.jpg
2639,train,706.358948,50.022999,14.009,51.396999,data/processed/food-nutrients/images/002639.jpg
2640,train,68.909271,0.702439,12.643903,1.756098,data/processed/food-nutrients/images/002640.jpg
2641,train,167.18927,19.602438,13.966903,2.134098,data/processed/food-nutrients/images/002641.jpg
2642,val,229.710007,6.726,19.722,13.566,data/processed/food-nutrients/images/002642.jpg
2643,train,581.508667,41.841675,26.089733,33.07954,data/processed/food-nutrients/images/002643.jpg
2644,train,28.0,0.28,7.28,0.056,data/processed/food-nutrients/images/002644.jpg
2645,val,93.436127,2.245049,16.65864,2.244349,data/processed/food-nutrients/images/002645.jpg
2646,train,197.301407,19.958797,18.116875,4.829733,data/processed/food-nutrients/images/002646.jpg
2647,train,422.28891,42.416496,22.189262,17.309324,data/processed/food-nutrients/images/002647.jpg
2648,test,357.934662,35.728153,6.4788,19.853895,data/processed/food-nutrients/images/002648.jpg
2649,train,467.824677,38.302158,29.2488,20.744896,data/processed/food-nutrients/images/002649.jpg
2650,train,612.350098,41.299091,36.632473,33.065617,data/processed/food-nutrients/images/002650.jpg
2651,train,47.615753,1.59705,6.21075,2.363725,data/processed/food-nutrients/images/002651.jpg
2652,train,198.970978,16.704958,8.950356,10.759086,data/processed/food-nutrients/images/002652.jpg
2653,train,277.656799,30.124464,10.055079,12.71771,data/processed/food-nutrients/images/002653.jpg
2654,train,368.698364,32.858444,23.103624,15.76237,data/processed/food-nutrients/images/002654.jpg
2655,train,21.6,1.08,4.86,0.108,data/processed/food-nutrients/images/002655.jpg
2656,train,334.619995,14.4,40.380001,13.427999,data/processed/food-nutrients/images/002656.jpg
2657,train,377.820007,16.559999,49.740002,13.907999,data/processed/food-nutrients/images/002657.jpg
2658,train,720.890137,75.069046,54.556591,22.447601,data/processed/food-nutrients/images/002658.jpg
2659,val,195.761993,2.604,20.916,12.096,data/processed/food-nutrients/images/002659.jpg
2660,train,38.546906,1.893478,5.717885,1.534471,data/processed/food-nutrients/images/002660.jpg
2661,val,45.482903,2.641478,7.043886,1.568471,data/processed/food-nutrients/images/002661.jpg
2662,train,307.28656,28.774073,11.782665,16.090178,data/processed/food-nutrients/images/002662.jpg
2663,train,411.151825,46.487823,13.240899,18.675562,data/processed/food-nutrients/images/002663.jpg
2664,train,241.169998,43.658001,2.862,5.148,data/processed/food-nutrients/images/002664.jpg
2665,test,297.929993,47.485001,13.052999,5.363,data/processed/food-nutrients/images/002665.jpg
2666,train,307.429993,48.435001,14.953,5.363,data/processed/food-nutrients/images/002666.jpg
2667,train,395.97998,49.051003,19.803999,13.601999,data/processed/food-nutrients/images/002667.jpg
2668,train,464.892029,55.195004,20.476002,18.178001,data/processed/food-nutrients/images/002668.jpg
2669,test,774.291992,55.195,20.476,53.178001,data/processed/food-nutrients/images/002669.jpg
2670,test,244.627991,10.304,30.820002,8.648,data/processed/food-nutrients/images/002670.jpg
2671,train,254.215988,11.338,32.653,8.695,data/processed/food-nutrients/images/002671.jpg
2672,val,326.76474,13.516641,43.051056,11.121214,data/processed/food-nutrients/images/002672.jpg
2673,train,510.889587,44.918285,45.636108,15.704393,data/processed/food-nutrients/images/002673.jpg
2674,train,178.529999,12.21,0.462,13.86,data/processed/food-nutrients/images/002674.jpg
2675,train,321.529999,39.709999,2.387,14.41,data/processed/food-nutrients/images/002675.jpg
2676,test,421.617584,42.174,14.237548,19.77516,data/processed/food-nutrients/images/002676.jpg
2677,train,460.42337,44.718552,20.976871,20.747547,data/processed/food-nutrients/images/002677.jpg
2678,train,31.620001,0.744,7.44,0.186,data/processed/food-nutrients/images/002678.jpg
2679,train,43.349998,0.863,10.5,0.22,data/processed/food-nutrients/images/002679.jpg
2680,train,296.092896,3.009226,49.627357,10.290755,data/processed/food-nutrients/images/002680.jpg
2681,val,490.052887,40.309227,52.238358,11.036756,data/processed/food-nutrients/images/002681.jpg
2682,train,198.320007,13.400001,2.144,14.74,data/processed/food-nutrients/images/002682.jpg
2683,train,246.827271,16.580688,10.568151,15.955486,data/processed/food-nutrients/images/002683.jpg
2684,train,484.807251,18.478689,33.92815,32.015488,data/processed/food-nutrients/images/002684.jpg
2685,val,603.827271,26.61869,34.236149,41.255486,data/processed/food-nutrients/images/002685.jpg
2686,val,33.345001,1.4535,6.669,0.7695,data/processed/food-nutrients/images/002686.jpg
2687,train,129.225006,2.8815,18.909,5.3935,data/processed/food-nutrients/images/002687.jpg
2688,train,479.034454,59.862839,23.092735,15.635769,data/processed/food-nutrients/images/002688.jpg
2689,train,84.722847,1.382376,3.010693,7.981188,data/processed/food-nutrients/images/002689.jpg
2690,train,230.61496,25.147102,4.755569,12.252845,data/processed/food-nutrients/images/002690.jpg
2691,train,45.68,1.92,5.6,2.32,data/processed/food-nutrients/images/002691.jpg
2692,val,256.22879,36.216827,8.118172,8.484778,data/processed/food-nutrients/images/002692.jpg
2693,val,527.548767,47.436829,41.778172,18.378778,data/processed/food-nutrients/images/002693.jpg
2694,train,30.809999,1.343,6.162,0.711,data/processed/food-nutrients/images/002694.jpg
2695,train,108.80024,4.621049,15.722977,4.671976,data/processed/food-nutrients/images/002695.jpg
2696,train,266.720245,6.973049,35.882977,12.287975,data/processed/food-nutrients/images/002696.jpg
2697,train,473.953308,40.729763,38.361485,18.355673,data/processed/food-nutrients/images/002697.jpg
2698,train,50.599998,0.352,2.772,4.708,data/processed/food-nutrients/images/002698.jpg
2699,train,77.659996,0.946,9.372,4.84,data/processed/food-nutrients/images/002699.jpg
2700,train,109.659996,2.546,16.572001,5.0,data/processed/food-nutrients/images/002700.jpg
2701,train,121.720001,3.149,19.185001,5.134,data/processed/food-nutrients/images/002701.jpg
2702,test,430.269989,61.118999,19.185001,11.865999,data/processed/food-nutrients/images/002702.jpg
2703,train,452.669983,61.735004,24.225,11.922,data/processed/food-nutrients/images/002703.jpg
2704,train,543.117004,69.798996,25.107,17.928001,data/processed/food-nutrients/images/002704.jpg
2705,train,573.546021,72.006996,28.073997,19.376999,data/processed/food-nutrients/images/002705.jpg
2706,test,36.209755,1.521951,4.439024,1.839024,data/processed/food-nutrients/images/002706.jpg
2707,train,102.105309,2.597133,6.780674,8.046616,data/processed/food-nutrients/images/002707.jpg
2708,train,174.015305,3.668133,15.960674,11.514614,data/processed/food-nutrients/images/002708.jpg
2709,val,196.879501,4.369489,18.610243,12.527685,data/processed/food-nutrients/images/002709.jpg
2710,train,451.546997,29.088448,22.201359,27.147779,data/processed/food-nutrients/images/002710.jpg
2711,train,2.52,0.198,0.477,0.036,data/processed/food-nutrients/images/002711.jpg
2712,train,26.32,1.83,5.237,0.308,data/processed/food-nutrients/images/002712.jpg
2713,test,121.074005,10.278,6.161,6.6,data/processed/food-nutrients/images/002713.jpg
2714,train,281.123993,40.348,6.161,10.092001,data/processed/food-nutrients/images/002714.jpg
2715,test,406.473999,41.220005,13.028001,21.754999,data/processed/food-nutrients/images/002715.jpg
2716,train,485.674011,46.559998,27.248001,22.055,data/processed/food-nutrients/images/002716.jpg
2717,test,768.554016,46.560001,27.247999,54.055,data/processed/food-nutrients/images/002717.jpg
2718,val,124.973,5.264,15.745001,4.418,data/processed/food-nutrients/images/002718.jpg
2719,train,194.42775,12.005533,16.724396,8.405299,data/processed/food-nutrients/images/002719.jpg
2720,test,293.899658,28.208755,17.91408,11.317793,data/processed/food-nutrients/images/002720.jpg
2721,train,326.32962,28.691757,22.054083,12.881792,data/processed/food-nutrients/images/002721.jpg
2722,train,354.982239,29.570669,25.374428,14.151336,data/processed/food-nutrients/images/002722.jpg
2723,train,388.406616,30.975548,29.471991,15.848898,data/processed/food-nutrients/images/002723.jpg
2724,train,436.406616,31.455549,41.951988,15.944897,data/processed/food-nutrients/images/002724.jpg
2725,train,493.299072,32.248196,44.040031,21.302763,data/processed/food-nutrients/images/002725.jpg
2726,train,21.0,0.42,5.32,0.14,data/processed/food-nutrients/images/002726.jpg
2727,train,39.239998,0.644,9.799999,0.236,data/processed/food-nutrients/images/002727.jpg
2728,train,128.928864,2.852,20.419321,5.043742,data/processed/food-nutrients/images/002728.jpg
2729,train,202.928879,7.852,21.219322,10.543742,data/processed/food-nutrients/images/002729.jpg
2730,train,61.576214,0.83088,2.255222,5.820787,data/processed/food-nutrients/images/002730.jpg
2731,train,88.315727,1.954783,5.533271,7.178836,data/processed/food-nutrients/images/002731.jpg
2732,train,148.115723,13.454783,6.33827,7.408836,data/processed/food-nutrients/images/002732.jpg
2733,train,197.705719,14.063784,18.51827,7.669836,data/processed/food-nutrients/images/002733.jpg
2734,train,74.651711,0.760976,13.697562,1.902439,data/processed/food-nutrients/images/002734.jpg
2735,train,240.011719,32.560978,15.923562,2.538439,data/processed/food-nutrients/images/002735.jpg
2736,train,258.311707,32.926975,20.559563,2.660439,data/processed/food-nutrients/images/002736.jpg
2737,train,294.22171,33.367977,29.379562,2.849439,data/processed/food-nutrients/images/002737.jpg
2738,train,314.811707,34.432976,34.065559,2.991439,data/processed/food-nutrients/images/002738.jpg
2739,train,13.320001,0.666,2.886,0.148,data/processed/food-nutrients/images/002739.jpg
2740,train,35.720001,1.282,7.926,0.204,data/processed/food-nutrients/images/002740.jpg
2741,train,341.419983,62.691998,16.746,1.63,data/processed/food-nutrients/images/002741.jpg
2742,train,362.740021,63.159996,21.946001,1.734,data/processed/food-nutrients/images/002742.jpg
2743,val,365.630005,63.227997,22.898001,1.734,data/processed/food-nutrients/images/002743.jpg
2744,train,36.445538,0.755749,1.861971,3.106966,data/processed/food-nutrients/images/002744.jpg
2745,train,126.965538,10.67575,4.217971,9.058967,data/processed/food-nutrients/images/002745.jpg
2746,train,349.866394,38.688904,7.274593,19.25312,data/processed/food-nutrients/images/002746.jpg
2747,train,4.6,0.58,0.72,0.08,data/processed/food-nutrients/images/002747.jpg
2748,train,342.850006,64.129997,0.72,7.46,data/processed/food-nutrients/images/002748.jpg
2749,train,361.050018,65.377998,4.36,7.668,data/processed/food-nutrients/images/002749.jpg
2750,train,380.320007,65.801003,9.06,7.762,data/processed/food-nutrients/images/002750.jpg
2751,train,504.400024,74.731003,9.06,17.632,data/processed/food-nutrients/images/002751.jpg
2752,train,902.200012,74.731003,9.06,62.632004,data/processed/food-nutrients/images/002752.jpg
2753,train,16.51,1.905,2.794,0.254,data/processed/food-nutrients/images/002753.jpg
2754,train,121.479324,5.656456,19.854195,3.380213,data/processed/food-nutrients/images/002754.jpg
2755,train,205.092285,14.384672,21.70455,7.622345,data/processed/food-nutrients/images/002755.jpg
2756,train,240.057129,18.778894,22.184019,9.221428,data/processed/food-nutrients/images/002756.jpg
2757,val,116.842033,2.101721,4.392354,10.860431,data/processed/food-nutrients/images/002757.jpg
2758,val,348.484161,31.213434,7.568845,21.454355,data/processed/food-nutrients/images/002758.jpg
2759,train,44.44017,0.863946,1.449468,4.222879,data/processed/food-nutrients/images/002759.jpg
2760,train,72.94017,1.148946,8.859468,4.27988,data/processed/food-nutrients/images/002760.jpg
2761,train,324.978424,32.823948,12.315649,15.806602,data/processed/food-nutrients/images/002761.jpg
2762,train,113.880005,12.48,2.964,7.488,data/processed/food-nutrients/images/002762.jpg
2763,train,139.720078,12.944803,3.935386,9.889826,data/processed/food-nutrients/images/002763.jpg
2764,train,202.676971,14.168726,5.9888,15.872236,data/processed/food-nutrients/images/002764.jpg
2765,train,212.159988,40.799999,2.856,0.816,data/processed/food-nutrients/images/002765.jpg
2766,train,228.659988,41.130001,7.036,0.926,data/processed/food-nutrients/images/002766.jpg
2767,train,469.609009,47.687,34.176998,12.795,data/processed/food-nutrients/images/002767.jpg
2768,train,497.739014,49.141998,40.578999,12.989,data/processed/food-nutrients/images/002768.jpg
2769,test,132.839996,1.377,17.549999,6.75,data/processed/food-nutrients/images/002769.jpg
2770,train,257.812988,6.641,33.294998,11.167999,data/processed/food-nutrients/images/002770.jpg
2771,train,537.113037,18.191,67.945007,21.353001,data/processed/food-nutrients/images/002771.jpg
2772,train,51.80175,1.73745,6.75675,2.571525,data/processed/food-nutrients/images/002772.jpg
2773,train,96.681755,5.10345,15.13875,3.165525,data/processed/food-nutrients/images/002773.jpg
2774,train,214.544357,16.543627,16.800755,9.93185,data/processed/food-nutrients/images/002774.jpg
2775,test,352.529205,20.687317,36.577454,14.546413,data/processed/food-nutrients/images/002775.jpg
2776,train,19.380001,1.4535,3.6195,0.2565,data/processed/food-nutrients/images/002776.jpg
2777,train,294.47345,25.74716,8.322058,18.184381,data/processed/food-nutrients/images/002777.jpg
2778,test,368.540344,27.187071,10.737839,25.222511,data/processed/food-nutrients/images/002778.jpg
2779,train,324.913513,28.6933,5.554203,21.174665,data/processed/food-nutrients/images/002779.jpg
2780,val,356.831787,29.763849,9.717452,22.75914,data/processed/food-nutrients/images/002780.jpg
2781,test,770.448853,37.93084,16.571018,63.736893,data/processed/food-nutrients/images/002781.jpg
2782,train,209.030762,24.271492,6.154403,8.73466,data/processed/food-nutrients/images/002782.jpg
2783,train,240.425751,25.324493,10.249402,10.293161,data/processed/food-nutrients/images/002783.jpg
2784,train,291.914032,26.551004,12.845702,14.644992,data/processed/food-nutrients/images/002784.jpg
2785,train,780.202026,73.94603,19.73115,42.676907,data/processed/food-nutrients/images/002785.jpg
2786,train,155.993118,18.113056,4.592838,6.518404,data/processed/food-nutrients/images/002786.jpg
2787,train,370.671448,38.950523,7.620061,18.842781,data/processed/food-nutrients/images/002787.jpg
2788,train,384.799225,39.424374,9.462811,19.544107,data/processed/food-nutrients/images/002788.jpg
2789,train,450.224976,40.696297,11.596747,25.761126,data/processed/food-nutrients/images/002789.jpg
2790,train,46.0,0.32,2.52,4.28,data/processed/food-nutrients/images/002790.jpg
2791,train,57.16,0.878,4.938,4.404,data/processed/food-nutrients/images/002791.jpg
2792,train,181.954498,15.368443,8.612269,9.618723,data/processed/food-nutrients/images/002792.jpg
2793,train,212.704514,16.043444,16.11227,9.768724,data/processed/food-nutrients/images/002793.jpg
2794,train,576.704529,97.243431,16.11227,11.448723,data/processed/food-nutrients/images/002794.jpg
2795,train,603.390259,98.138496,19.593021,12.773447,data/processed/food-nutrients/images/002795.jpg
2796,train,612.990295,98.402481,21.753021,12.797448,data/processed/food-nutrients/images/002796.jpg
2797,train,289.639984,55.700001,3.899,1.114,data/processed/food-nutrients/images/002797.jpg
2798,test,432.243896,57.15366,30.064856,4.748146,data/processed/food-nutrients/images/002798.jpg
2799,train,468.493896,59.02866,38.314857,4.998146,data/processed/food-nutrients/images/002799.jpg
2800,val,195.199997,17.08,3.66,12.2,data/processed/food-nutrients/images/002800.jpg
2801,train,545.960022,40.779999,7.452,38.27,data/processed/food-nutrients/images/002801.jpg
2802,train,613.592834,41.692604,9.929046,44.663322,data/processed/food-nutrients/images/002802.jpg
2803,val,657.545837,43.166805,15.662046,46.845226,data/processed/food-nutrients/images/002803.jpg
2804,train,459.849976,31.450001,1.19,35.700001,data/processed/food-nutrients/images/002804.jpg
2805,train,688.649963,51.470001,5.48,50.0,data/processed/food-nutrients/images/002805.jpg
2806,train,23.104424,0.417585,4.636088,0.556065,data/processed/food-nutrients/images/002806.jpg
2807,train,99.754425,8.817584,6.631088,5.596065,data/processed/food-nutrients/images/002807.jpg
2808,train,147.410431,15.093219,8.199256,11.091943,data/processed/food-nutrients/images/002808.jpg
2809,train,260.979767,17.301081,11.903452,21.883743,data/processed/food-nutrients/images/002809.jpg
2810,train,38.34351,0.693013,7.693933,0.922832,data/processed/food-nutrients/images/002810.jpg
2811,test,93.343513,4.653013,18.693933,1.582832,data/processed/food-nutrients/images/002811.jpg
2812,train,210.357925,14.688022,20.663086,9.083899,data/processed/food-nutrients/images/002812.jpg
2813,train,319.892303,17.977343,36.362114,12.747005,data/processed/food-nutrients/images/002813.jpg
2814,train,211.343994,27.831074,6.954482,24.373022,data/processed/food-nutrients/images/002814.jpg
2815,train,387.929382,42.974815,9.92611,35.692814,data/processed/food-nutrients/images/002815.jpg
2816,train,14.72,1.856,2.304,0.256,data/processed/food-nutrients/images/002816.jpg
2817,test,260.569977,48.045998,2.304,5.62,data/processed/food-nutrients/images/002817.jpg
2818,val,268.069977,48.795998,3.804,5.62,data/processed/food-nutrients/images/002818.jpg
2819,train,393.419983,49.667999,10.671,17.283001,data/processed/food-nutrients/images/002819.jpg
2820,train,518.322998,60.804001,11.889,25.577,data/processed/food-nutrients/images/002820.jpg
2821,train,560.658997,63.875999,16.017,27.593,data/processed/food-nutrients/images/002821.jpg
2822,train,119.654999,5.04,15.075001,4.23,data/processed/food-nutrients/images/002822.jpg
2823,train,211.138992,12.885552,16.614517,10.094469,data/processed/food-nutrients/images/002823.jpg
2824,train,121.098083,0.630691,2.431224,12.485043,data/processed/food-nutrients/images/002824.jpg
2825,train,223.888092,7.660691,2.697224,20.465044,data/processed/food-nutrients/images/002825.jpg
2826,train,490.288025,25.660692,5.577225,40.265041,data/processed/food-nutrients/images/002826.jpg
2827,test,646.768066,26.908691,20.937225,50.825043,data/processed/food-nutrients/images/002827.jpg
2828,val,665.237,27.457708,24.176441,51.48386,data/processed/food-nutrients/images/002828.jpg
2829,train,116.762924,1.190244,21.424391,2.97561,data/processed/food-nutrients/images/002829.jpg
2830,train,409.522888,57.490242,25.365391,4.10161,data/processed/food-nutrients/images/002830.jpg
2831,train,448.382874,59.50024,34.209389,4.36961,data/processed/food-nutrients/images/002831.jpg
2832,train,123.760002,4.368,21.84,2.548,data/processed/food-nutrients/images/002832.jpg
2833,train,154.720001,5.376,28.464001,2.908,data/processed/food-nutrients/images/002833.jpg
2834,val,237.399994,7.248,47.183998,4.0,data/processed/food-nutrients/images/002834.jpg
2835,val,275.399994,7.258,56.984001,4.0,data/processed/food-nutrients/images/002835.jpg
2836,test,275.549988,51.77,0.0,6.012,data/processed/food-nutrients/images/002836.jpg
2837,val,282.029999,52.094002,1.404,6.084,data/processed/food-nutrients/images/002837.jpg
2838,train,901.810059,77.723999,78.293999,28.684999,data/processed/food-nutrients/images/002838.jpg
2839,train,927.809998,77.984001,85.054001,28.737,data/processed/food-nutrients/images/002839.jpg
2840,train,941.609985,78.080002,85.809998,30.021,data/processed/food-nutrients/images/002840.jpg
2841,train,236.650986,9.968,29.815001,8.366,data/processed/food-nutrients/images/002841.jpg
2842,train,396.607422,25.493954,32.07058,17.54887,data/processed/food-nutrients/images/002842.jpg
2843,train,605.81781,52.083549,39.994911,24.900572,data/processed/food-nutrients/images/002843.jpg
2844,train,747.747803,56.313553,66.904915,26.880571,data/processed/food-nutrients/images/002844.jpg
2845,train,792.680847,59.259876,74.708344,28.006495,data/processed/food-nutrients/images/002845.jpg
2846,test,814.930786,60.86187,79.15834,28.273495,data/processed/food-nutrients/images/002846.jpg
2847,test,94.25,6.786,18.85,1.131,data/processed/food-nutrients/images/002847.jpg
2848,train,262.625214,23.129114,21.224293,10.797179,data/processed/food-nutrients/images/002848.jpg
2849,train,321.025208,29.529112,22.744293,14.637179,data/processed/food-nutrients/images/002849.jpg
2850,train,265.190887,25.7404,3.739511,15.224232,data/processed/food-nutrients/images/002850.jpg
2851,val,290.690887,27.576401,8.83951,15.530232,data/processed/food-nutrients/images/002851.jpg
2852,train,377.425903,30.1614,25.28451,16.740232,data/processed/food-nutrients/images/002852.jpg
2853,train,296.990997,37.746067,11.249237,10.436333,data/processed/food-nutrients/images/002853.jpg
2854,val,349.583069,41.194607,20.38279,11.754175,data/processed/food-nutrients/images/002854.jpg
2855,train,453.66507,44.296608,40.116787,13.206176,data/processed/food-nutrients/images/002855.jpg
2856,train,589.501648,46.926689,47.358673,24.885231,data/processed/food-nutrients/images/002856.jpg
2857,test,14.95,1.885,2.34,0.26,data/processed/food-nutrients/images/002857.jpg
2858,val,24.75,2.865,4.3,0.26,data/processed/food-nutrients/images/002858.jpg
2859,train,153.550003,3.761,11.356,12.244,data/processed/food-nutrients/images/002859.jpg
2860,train,401.049988,50.261002,11.356,17.644001,data/processed/food-nutrients/images/002860.jpg
2861,train,527.450012,51.841,18.466,29.494001,data/processed/food-nutrients/images/002861.jpg
2862,train,567.580994,54.752998,22.379,31.404999,data/processed/food-nutrients/images/002862.jpg
2863,test,239.309998,10.08,30.150002,8.46,data/processed/food-nutrients/images/002863.jpg
2864,train,344.544495,20.294445,31.633934,14.501362,data/processed/food-nutrients/images/002864.jpg
2865,train,461.585266,35.169743,36.067131,18.614201,data/processed/food-nutrients/images/002865.jpg
2866,train,498.545258,37.857738,39.679134,20.378201,data/processed/food-nutrients/images/002866.jpg
2867,val,515.545227,39.081741,43.079132,20.582203,data/processed/food-nutrients/images/002867.jpg
2868,train,549.755615,41.324966,49.02037,21.439438,data/processed/food-nutrients/images/002868.jpg
2869,test,608.104553,43.063965,60.083378,22.253439,data/processed/food-nutrients/images/002869.jpg
2870,train,231.919998,44.600002,3.122,0.892,data/processed/food-nutrients/images/002870.jpg
2871,train,421.11615,46.206608,32.411625,8.430679,data/processed/food-nutrients/images/002871.jpg
2872,train,445.116119,46.686604,38.491623,8.590679,data/processed/food-nutrients/images/002872.jpg
2873,train,458.716125,47.006603,41.691624,8.670679,data/processed/food-nutrients/images/002873.jpg
2874,train,480.946136,47.279602,47.151623,8.78768,data/processed/food-nutrients/images/002874.jpg
2875,train,511.396118,48.854603,54.081619,8.997679,data/processed/food-nutrients/images/002875.jpg
2876,train,14.030001,1.769,2.196,0.244,data/processed/food-nutrients/images/002876.jpg
2877,train,183.979996,33.699001,2.196,3.952,data/processed/food-nutrients/images/002877.jpg
2878,train,207.429993,35.307003,6.886,4.22,data/processed/food-nutrients/images/002878.jpg
2879,train,285.830017,36.287003,11.296,11.570001,data/processed/food-nutrients/images/002879.jpg
2880,train,377.830017,36.927002,16.335999,20.130001,data/processed/food-nutrients/images/002880.jpg
2881,train,459.663025,44.223003,17.134001,25.563999,data/processed/food-nutrients/images/002881.jpg
2882,test,751.383057,44.223,17.134001,58.564003,data/processed/food-nutrients/images/002882.jpg
2883,train,125.182129,3.759223,17.941746,4.186408,data/processed/food-nutrients/images/002883.jpg
2884,train,345.14212,7.035223,46.021748,14.794408,data/processed/food-nutrients/images/002884.jpg
2885,train,846.367065,83.57795,53.343304,31.578682,data/processed/food-nutrients/images/002885.jpg
2886,train,920.120422,85.334846,57.062336,37.812386,data/processed/food-nutrients/images/002886.jpg
2887,val,105.599998,19.84,0.0,2.304,data/processed/food-nutrients/images/002887.jpg
2888,train,219.809998,21.541,14.580001,7.812,data/processed/food-nutrients/images/002888.jpg
2889,train,646.176697,86.652031,20.808079,22.089535,data/processed/food-nutrients/images/002889.jpg
2890,train,728.810608,97.962776,24.867764,31.699219,data/processed/food-nutrients/images/002890.jpg
2891,train,755.496277,98.857841,28.348515,33.023949,data/processed/food-nutrients/images/002891.jpg
2892,val,807.416321,102.633827,33.422516,35.501945,data/processed/food-nutrients/images/002892.jpg
2893,val,213.994171,3.587757,16.049046,15.956649,data/processed/food-nutrients/images/002893.jpg
2894,test,247.482193,4.710957,20.417046,17.619051,data/processed/food-nutrients/images/002894.jpg
2895,val,74.824753,2.50965,9.75975,3.714425,data/processed/food-nutrients/images/002895.jpg
2896,train,169.100739,14.924493,12.861994,14.586706,data/processed/food-nutrients/images/002896.jpg
2897,train,214.780777,16.844492,18.46199,16.906708,data/processed/food-nutrients/images/002897.jpg
2898,train,44.9995,1.5093,5.8695,2.23385,data/processed/food-nutrients/images/002898.jpg
2899,train,77.979889,2.489692,11.653813,3.410321,data/processed/food-nutrients/images/002899.jpg
2900,test,259.869873,5.198692,34.873814,12.182321,data/processed/food-nutrients/images/002900.jpg
2901,train,313.741882,12.292887,36.646526,18.395054,data/processed/food-nutrients/images/002901.jpg
2902,train,372.326599,21.239441,37.502293,20.356852,data/processed/food-nutrients/images/002902.jpg
2903,train,198.53717,30.318871,2.900097,6.648317,data/processed/food-nutrients/images/002903.jpg
2904,train,56.892494,0.792647,2.088042,5.357862,data/processed/food-nutrients/images/002904.jpg
2905,train,93.830536,1.890686,8.566475,6.675509,data/processed/food-nutrients/images/002905.jpg
2906,train,150.23053,2.730686,15.766476,9.395511,data/processed/food-nutrients/images/002906.jpg
2907,val,385.402527,33.699574,23.505039,36.516472,data/processed/food-nutrients/images/002907.jpg
2908,train,273.876984,11.536,34.505001,9.681999,data/processed/food-nutrients/images/002908.jpg
2909,train,306.436981,13.904,37.687,11.235999,data/processed/food-nutrients/images/002909.jpg
2910,train,323.704224,14.48315,39.939251,12.093174,data/processed/food-nutrients/images/002910.jpg
2911,train,382.924225,15.36515,47.499252,14.949174,data/processed/food-nutrients/images/002911.jpg
2912,train,605.871704,49.411755,50.75592,22.414907,data/processed/food-nutrients/images/002912.jpg
2913,train,82.308296,0.839024,15.10244,2.097561,data/processed/food-nutrients/images/002913.jpg
2914,val,103.048294,1.327024,19.982441,2.219561,data/processed/food-nutrients/images/002914.jpg
2915,train,280.888275,35.527023,22.376442,2.903561,data/processed/food-nutrients/images/002915.jpg
2916,train,279.328308,35.227028,22.355442,2.897561,data/processed/food-nutrients/images/002916.jpg
2917,train,42.549999,0.296,2.331,3.959,data/processed/food-nutrients/images/002917.jpg
2918,train,161.386429,3.023964,8.426495,14.183504,data/processed/food-nutrients/images/002918.jpg
2919,val,674.706787,48.447742,35.915737,37.685776,data/processed/food-nutrients/images/002919.jpg
2920,val,5.75,0.725,0.9,0.1,data/processed/food-nutrients/images/002920.jpg
2921,test,21.33,1.067,4.7,0.176,data/processed/food-nutrients/images/002921.jpg
2922,train,132.87999,1.843,10.811,10.555,data/processed/food-nutrients/images/002922.jpg
2923,train,279.317993,14.899,12.239,20.279001,data/processed/food-nutrients/images/002923.jpg
2924,train,464.117981,49.618999,12.239,24.310999,data/processed/food-nutrients/images/002924.jpg
2925,train,564.917969,50.878998,17.909,33.761002,data/processed/food-nutrients/images/002925.jpg
2926,test,1006.917969,50.879002,17.909,83.761002,data/processed/food-nutrients/images/002926.jpg
2927,train,12.0,0.33,2.7,0.03,data/processed/food-nutrients/images/002927.jpg
2928,train,41.900002,0.538,4.338,2.812,data/processed/food-nutrients/images/002928.jpg
2929,train,65.269997,1.051,10.038,2.926,data/processed/food-nutrients/images/002929.jpg
2930,train,75.529999,1.564,12.261001,3.04,data/processed/food-nutrients/images/002930.jpg
2931,train,283.529999,47.963997,12.261001,4.0,data/processed/food-nutrients/images/002931.jpg
2932,train,286.76001,48.039997,13.325001,4.0,data/processed/food-nutrients/images/002932.jpg
2933,train,413.942017,52.967999,18.319,14.89,data/processed/food-nutrients/images/002933.jpg
2934,test,251.693985,3.348,26.892,15.551999,data/processed/food-nutrients/images/002934.jpg
2935,train,508.048981,6.758,54.281998,31.391998,data/processed/food-nutrients/images/002935.jpg
2936,test,63.008781,2.692683,3.949269,4.846829,data/processed/food-nutrients/images/002936.jpg
2937,train,136.217773,4.831683,19.129269,6.50283,data/processed/food-nutrients/images/002937.jpg
2938,train,408.339417,28.911758,33.701878,18.961866,data/processed/food-nutrients/images/002938.jpg
2939,train,296.816895,37.940281,13.685196,10.505252,data/processed/food-nutrients/images/002939.jpg
2940,train,577.184631,62.750053,28.699402,23.341835,data/processed/food-nutrients/images/002940.jpg
2941,train,74.564041,1.711664,3.824625,6.415376,data/processed/food-nutrients/images/002941.jpg
2942,test,132.919037,3.416664,15.924625,7.735376,data/processed/food-nutrients/images/002942.jpg
2943,train,454.517365,31.874937,33.146801,22.45969,data/processed/food-nutrients/images/002943.jpg
2944,train,517.644226,41.827816,34.292435,24.27223,data/processed/food-nutrients/images/002944.jpg
2945,train,821.510193,51.18927,60.718185,43.20623,data/processed/food-nutrients/images/002945.jpg
2946,train,213.599411,27.147421,8.090585,7.505935,data/processed/food-nutrients/images/002946.jpg
2947,train,354.399445,28.907421,16.010584,20.705935,data/processed/food-nutrients/images/002947.jpg
2948,val,531.260986,31.371517,22.501673,37.361893,data/processed/food-nutrients/images/002948.jpg
2949,train,196.84697,18.580095,15.383455,7.475343,data/processed/food-nutrients/images/002949.jpg
2950,train,347.536987,37.732044,21.091198,12.770625,data/processed/food-nutrients/images/002950.jpg
2951,train,398.49588,41.598316,8.818713,20.217819,data/processed/food-nutrients/images/002951.jpg
2952,train,472.233398,42.93103,23.614738,21.992495,data/processed/food-nutrients/images/002952.jpg
2953,train,566.233398,43.871033,48.054741,22.180496,data/processed/food-nutrients/images/002953.jpg
2954,train,89.060005,9.76,2.318,5.856,data/processed/food-nutrients/images/002954.jpg
2955,train,381.661957,46.94825,13.400992,16.1381,data/processed/food-nutrients/images/002955.jpg
2956,train,740.762024,61.798248,57.950996,29.233101,data/processed/food-nutrients/images/002956.jpg
2957,train,815.647644,62.926941,63.927059,34.712166,data/processed/food-nutrients/images/002957.jpg
2958,test,25.070757,0.453124,5.030649,0.60339,data/processed/food-nutrients/images/002958.jpg
2959,train,186.959702,17.35244,8.613251,8.816879,data/processed/food-nutrients/images/002959.jpg
2960,train,405.611877,42.341148,8.976191,20.578852,data/processed/food-nutrients/images/002960.jpg
2961,train,639.911865,86.361153,8.976191,25.690851,data/processed/food-nutrients/images/002961.jpg
2962,train,876.201843,102.963142,12.67119,42.708851,data/processed/food-nutrients/images/002962.jpg
2963,val,909.629578,103.567314,19.378721,43.513371,data/processed/food-nutrients/images/002963.jpg
2964,val,55.439999,4.032,5.418,2.646,data/processed/food-nutrients/images/002964.jpg
2965,train,63.166828,0.643902,11.590244,1.609756,data/processed/food-nutrients/images/002965.jpg
2966,train,312.766815,48.643902,14.950245,2.569756,data/processed/food-nutrients/images/002966.jpg
2967,test,370.186829,51.613903,28.018244,2.965756,data/processed/food-nutrients/images/002967.jpg
2968,val,72.5,0.725,18.849998,0.145,data/processed/food-nutrients/images/002968.jpg
2969,train,114.199997,1.559,29.413998,0.423,data/processed/food-nutrients/images/002969.jpg
2970,train,190.009995,2.49,48.034,0.822,data/processed/food-nutrients/images/002970.jpg
2971,train,286.210022,8.990001,49.073997,7.972,data/processed/food-nutrients/images/002971.jpg
2972,train,358.947601,9.731463,62.420345,9.825659,data/processed/food-nutrients/images/002972.jpg
2973,train,72.159996,5.248,7.052,3.444,data/processed/food-nutrients/images/002973.jpg
2974,train,249.819977,12.808001,27.212,11.004,data/processed/food-nutrients/images/002974.jpg
2975,train,491.235168,35.928123,30.58173,25.456135,data/processed/food-nutrients/images/002975.jpg
2976,train,343.709656,32.916782,4.797582,20.575924,data/processed/food-nutrients/images/002976.jpg
2977,train,434.877106,35.713329,15.362316,24.615379,data/processed/food-nutrients/images/002977.jpg
2978,train,101.240509,3.76984,17.232075,1.923067,data/processed/food-nutrients/images/002978.jpg
2979,train,346.747437,27.281824,20.658922,16.620152,data/processed/food-nutrients/images/002979.jpg
2980,val,476.231934,29.644312,24.980385,28.970854,data/processed/food-nutrients/images/002980.jpg
2981,train,19.6,1.54,3.71,0.28,data/processed/food-nutrients/images/002981.jpg
2982,test,94.800003,2.48,7.94,7.33,data/processed/food-nutrients/images/002982.jpg
2983,train,249.85202,16.304001,9.452,17.626001,data/processed/food-nutrients/images/002983.jpg
2984,train,348.752014,16.992001,14.87,26.828001,data/processed/food-nutrients/images/002984.jpg
2985,train,551.702026,55.122002,14.87,31.255999,data/processed/food-nutrients/images/002985.jpg
2986,train,619.901978,60.082001,21.535,34.511002,data/processed/food-nutrients/images/002986.jpg
2987,test,77.049995,0.536,4.221,7.169,data/processed/food-nutrients/images/002987.jpg
2988,train,112.309998,1.31,12.821001,7.341,data/processed/food-nutrients/images/002988.jpg
2989,train,127.970001,2.093,16.214001,7.515,data/processed/food-nutrients/images/002989.jpg
2990,train,147.169998,2.621,20.534,7.563,data/processed/food-nutrients/images/002990.jpg
2991,train,562.969971,80.740997,20.534,16.635,data/processed/food-nutrients/images/002991.jpg
2992,train,616.771973,84.644997,25.780001,19.197001,data/processed/food-nutrients/images/002992.jpg
2993,train,113.057968,1.525551,4.140735,10.687347,data/processed/food-nutrients/images/002993.jpg
2994,train,464.951172,35.226067,9.052546,31.75317,data/processed/food-nutrients/images/002994.jpg
2995,train,81.554428,1.872132,4.183183,7.016817,data/processed/food-nutrients/images/002995.jpg
2996,train,295.284393,9.830684,40.562012,11.076624,data/processed/food-nutrients/images/002996.jpg
2997,train,463.047455,25.897209,42.903687,21.119635,data/processed/food-nutrients/images/002997.jpg
2998,train,550.827515,29.52721,53.79369,24.320635,data/processed/food-nutrients/images/002998.jpg
2999,test,226.014999,9.52,28.475,7.99,data/processed/food-nutrients/images/002999.jpg
3000,val,286.294983,13.904001,34.366001,10.867,data/processed/food-nutrients/images/003000.jpg
3001,train,300.7789,14.512781,36.141609,11.60261,data/processed/food-nutrients/images/003001.jpg
3002,train,354.773834,16.523363,45.332054,12.628245,data/processed/food-nutrients/images/003002.jpg
3003,train,461.160156,26.711891,46.817013,18.996983,data/processed/food-nutrients/images/003003.jpg
3004,train,296.399994,57.0,3.99,1.14,data/processed/food-nutrients/images/003004.jpg
3005,train,449.531708,58.560974,32.087563,5.042439,data/processed/food-nutrients/images/003005.jpg
3006,train,490.421692,60.675976,41.393566,5.324439,data/processed/food-nutrients/images/003006.jpg
3007,train,124.32,8.400001,1.344,9.24,data/processed/food-nutrients/images/003007.jpg
3008,train,158.820007,8.745001,10.313999,9.309,data/processed/food-nutrients/images/003008.jpg
3009,train,396.799988,10.643001,33.673996,25.368999,data/processed/food-nutrients/images/003009.jpg
3010,train,515.820007,18.783001,33.981998,34.609001,data/processed/food-nutrients/images/003010.jpg
3011,train,35.5,2.556,7.1,0.426,data/processed/food-nutrients/images/003011.jpg
3012,train,126.700005,3.696,12.23,8.976,data/processed/food-nutrients/images/003012.jpg
3013,train,204.369385,4.955554,15.745848,15.987674,data/processed/food-nutrients/images/003013.jpg
3014,test,333.108673,21.408707,21.469036,29.458878,data/processed/food-nutrients/images/003014.jpg
3015,train,25.48,2.002,4.823,0.364,data/processed/food-nutrients/images/003015.jpg
3016,train,130.130005,2.73,10.556,10.101001,data/processed/food-nutrients/images/003016.jpg
3017,train,154.980011,4.434,15.525999,10.385001,data/processed/food-nutrients/images/003017.jpg
3018,train,379.380005,46.593998,15.525999,15.281001,data/processed/food-nutrients/images/003018.jpg
3019,train,494.579987,48.034,22.006001,26.081001,data/processed/food-nutrients/images/003019.jpg
3020,train,610.869019,58.401997,23.139999,33.803001,data/processed/food-nutrients/images/003020.jpg
3021,test,990.989014,58.401997,23.140001,76.803001,data/processed/food-nutrients/images/003021.jpg
3022,train,161.449524,19.702276,2.197063,7.634025,data/processed/food-nutrients/images/003022.jpg
3023,train,245.449509,22.552277,19.447062,7.784025,data/processed/food-nutrients/images/003023.jpg
3024,test,27.052683,1.156098,1.69561,2.080976,data/processed/food-nutrients/images/003024.jpg
3025,test,121.741409,3.66512,9.049747,8.774585,data/processed/food-nutrients/images/003025.jpg
3026,train,318.482666,28.37812,12.097746,17.559082,data/processed/food-nutrients/images/003026.jpg
3027,test,66.090729,2.82439,4.142439,5.083902,data/processed/food-nutrients/images/003027.jpg
3028,train,82.590729,4.01239,7.442439,5.281902,data/processed/food-nutrients/images/003028.jpg
3029,train,183.993713,14.597677,9.686487,10.426615,data/processed/food-nutrients/images/003029.jpg
3030,train,305.065247,29.805676,11.562181,15.832462,data/processed/food-nutrients/images/003030.jpg
3031,train,87.746994,3.696,11.055,3.102,data/processed/food-nutrients/images/003031.jpg
3032,train,435.902863,48.19104,26.532497,39.532818,data/processed/food-nutrients/images/003032.jpg
3033,train,519.542847,49.058041,37.582497,43.782825,data/processed/food-nutrients/images/003033.jpg
3034,train,528.042908,49.670044,39.282497,43.884827,data/processed/food-nutrients/images/003034.jpg
3035,train,553.040955,50.738335,40.849327,45.807755,data/processed/food-nutrients/images/003035.jpg
3036,train,220.955551,27.754599,3.423139,9.865667,data/processed/food-nutrients/images/003036.jpg
3037,train,355.292206,44.923096,9.395162,23.922573,data/processed/food-nutrients/images/003037.jpg
3038,train,368.292206,45.8591,11.995163,24.078575,data/processed/food-nutrients/images/003038.jpg
3039,train,424.292206,47.759106,23.495167,24.178576,data/processed/food-nutrients/images/003039.jpg
3040,val,276.53598,11.648001,34.84,9.776,data/processed/food-nutrients/images/003040.jpg
3041,train,450.576294,33.509502,37.536308,17.546904,data/processed/food-nutrients/images/003041.jpg
3042,val,463.246582,34.050964,38.330456,18.521538,data/processed/food-nutrients/images/003042.jpg
3043,train,494.496582,36.300964,44.580452,18.896538,data/processed/food-nutrients/images/003043.jpg
3044,train,14.28,0.336,3.36,0.084,data/processed/food-nutrients/images/003044.jpg
3045,train,39.93,0.651,9.66,0.219,data/processed/food-nutrients/images/003045.jpg
3046,train,50.0,0.879,11.94,0.352,data/processed/food-nutrients/images/003046.jpg
3047,train,73.0,1.109,17.92,0.398,data/processed/food-nutrients/images/003047.jpg
3048,train,100.300003,1.655,24.836,0.58,data/processed/food-nutrients/images/003048.jpg
3049,train,28.083149,1.841452,4.87714,0.703702,data/processed/food-nutrients/images/003049.jpg
3050,train,122.001411,14.210079,7.937456,11.540041,data/processed/food-nutrients/images/003050.jpg
3051,train,236.805176,16.441938,11.681914,22.449144,data/processed/food-nutrients/images/003051.jpg
3052,train,93.588287,3.933659,11.47317,4.75317,data/processed/food-nutrients/images/003052.jpg
3053,train,111.459381,5.105492,14.576805,5.200981,data/processed/food-nutrients/images/003053.jpg
3054,train,176.15863,13.626102,16.685022,12.666015,data/processed/food-nutrients/images/003054.jpg
3055,test,313.761383,36.040562,18.330757,16.694962,data/processed/food-nutrients/images/003055.jpg
3056,train,93.81813,1.823886,3.059988,8.914966,data/processed/food-nutrients/images/003056.jpg
3057,train,252.435623,22.713125,8.228521,27.216339,data/processed/food-nutrients/images/003057.jpg
3058,train,342.875641,26.453127,19.448523,30.514339,data/processed/food-nutrients/images/003058.jpg
3059,val,34.920002,1.746,7.746,0.256,data/processed/food-nutrients/images/003059.jpg
3060,train,48.860001,2.052,11.146,0.324,data/processed/food-nutrients/images/003060.jpg
3061,train,89.110001,2.332,13.351,4.069,data/processed/food-nutrients/images/003061.jpg
3062,train,111.910004,2.959,18.481001,4.126,data/processed/food-nutrients/images/003062.jpg
3063,val,425.410004,61.859001,18.481001,10.966,data/processed/food-nutrients/images/003063.jpg
3064,val,507.243011,69.154999,19.279001,16.4,data/processed/food-nutrients/images/003064.jpg
3065,train,527.088013,70.595001,21.214001,17.344999,data/processed/food-nutrients/images/003065.jpg
3066,train,46.0,0.32,2.52,4.28,data/processed/food-nutrients/images/003066.jpg
3067,val,59.200001,1.024,5.028,4.324,data/processed/food-nutrients/images/003067.jpg
3068,train,141.699997,16.524,5.028,6.124,data/processed/food-nutrients/images/003068.jpg
3069,train,191.507187,20.305752,10.141688,8.071156,data/processed/food-nutrients/images/003069.jpg
3070,train,72.32,2.048,3.008,6.016,data/processed/food-nutrients/images/003070.jpg
3071,val,107.181221,2.684054,4.171472,9.341188,data/processed/food-nutrients/images/003071.jpg
3072,train,138.336395,3.287284,5.832454,12.019873,data/processed/food-nutrients/images/003072.jpg
3073,test,248.566406,15.367283,8.701454,19.267872,data/processed/food-nutrients/images/003073.jpg
3074,train,228.673996,9.632,28.810001,8.084,data/processed/food-nutrients/images/003074.jpg
3075,train,274.075806,15.335,29.513386,10.111193,data/processed/food-nutrients/images/003075.jpg
3076,train,317.785828,15.986,35.093388,12.219193,data/processed/food-nutrients/images/003076.jpg
3077,train,334.945831,16.733999,38.525391,12.615192,data/processed/food-nutrients/images/003077.jpg
3078,train,354.945831,18.173998,42.525387,12.855191,data/processed/food-nutrients/images/003078.jpg
3079,train,512.015808,22.622,49.058388,25.921192,data/processed/food-nutrients/images/003079.jpg
3080,train,15.84,0.792,3.432,0.176,data/processed/food-nutrients/images/003080.jpg
3081,train,39.040001,1.952,8.652,0.292,data/processed/food-nutrients/images/003081.jpg
3082,test,61.040001,2.557,13.602001,0.347,data/processed/food-nutrients/images/003082.jpg
3083,train,80.309998,2.98,18.302002,0.441,data/processed/food-nutrients/images/003083.jpg
3084,train,359.160004,55.369999,18.302,6.525,data/processed/food-nutrients/images/003084.jpg
3085,train,102.338257,2.020698,1.695728,10.138825,data/processed/food-nutrients/images/003085.jpg
3086,train,220.200867,13.460875,3.357732,16.905151,data/processed/food-nutrients/images/003086.jpg
3087,train,504.820892,25.230873,38.667736,27.284149,data/processed/food-nutrients/images/003087.jpg
3088,train,107.202995,1.426,11.454,6.624,data/processed/food-nutrients/images/003088.jpg
3089,train,174.284485,18.763048,11.980703,16.46933,data/processed/food-nutrients/images/003089.jpg
3090,train,140.139297,3.713354,10.88412,9.906542,data/processed/food-nutrients/images/003090.jpg
3091,train,674.73053,55.602726,18.422499,40.596661,data/processed/food-nutrients/images/003091.jpg
3092,train,100.944618,1.362099,3.697084,9.542274,data/processed/food-nutrients/images/003092.jpg
3093,train,127.107117,2.239599,7.109585,10.841025,data/processed/food-nutrients/images/003093.jpg
3094,train,252.613922,6.725035,27.507641,14.578888,data/processed/food-nutrients/images/003094.jpg
3095,val,556.494568,39.440094,48.397079,43.294647,data/processed/food-nutrients/images/003095.jpg
3096,train,111.720001,4.62,13.860001,4.074,data/processed/food-nutrients/images/003096.jpg
3097,train,465.307892,38.940533,18.846014,24.372978,data/processed/food-nutrients/images/003097.jpg
3098,train,537.987976,39.921242,21.507914,31.243414,data/processed/food-nutrients/images/003098.jpg
3099,train,153.264771,0.798218,3.077018,15.801381,data/processed/food-nutrients/images/003099.jpg
3100,train,510.544769,6.916218,32.97702,40.46138,data/processed/food-nutrients/images/003100.jpg
3101,val,679.264771,18.316217,34.801022,53.001377,data/processed/food-nutrients/images/003101.jpg
3102,train,225.159988,43.299999,3.031,0.866,data/processed/food-nutrients/images/003102.jpg
3103,train,378.25,44.599998,26.730999,6.966,data/processed/food-nutrients/images/003103.jpg
3104,train,408.25,45.199997,34.331001,7.166,data/processed/food-nutrients/images/003104.jpg
3105,val,448.149994,45.689999,44.131001,7.376,data/processed/food-nutrients/images/003105.jpg
3106,train,479.179993,47.294998,51.193001,7.59,data/processed/food-nutrients/images/003106.jpg
3107,train,402.981781,38.144672,7.198614,22.945698,data/processed/food-nutrients/images/003107.jpg
3108,train,432.506653,39.385643,10.818127,24.44521,data/processed/food-nutrients/images/003108.jpg
3109,train,464.459564,39.963154,17.229736,25.214239,data/processed/food-nutrients/images/003109.jpg
3110,train,733.018555,51.275162,51.064735,34.708237,data/processed/food-nutrients/images/003110.jpg
3111,train,50.792469,1.209936,2.561213,4.293021,data/processed/food-nutrients/images/003111.jpg
3112,train,109.319298,3.267302,12.18853,6.288338,data/processed/food-nutrients/images/003112.jpg
3113,train,297.765015,12.930025,36.091728,12.137429,data/processed/food-nutrients/images/003113.jpg
3114,train,70.70092,1.873404,5.491088,4.997894,data/processed/food-nutrients/images/003114.jpg
3115,train,617.449158,53.626446,15.257855,36.129631,data/processed/food-nutrients/images/003115.jpg
3116,train,260.582001,10.976001,32.830002,9.212,data/processed/food-nutrients/images/003116.jpg
3117,train,316.638611,13.850355,39.940449,10.95192,data/processed/food-nutrients/images/003117.jpg
3118,train,471.296509,28.489662,42.703159,19.758106,data/processed/food-nutrients/images/003118.jpg
3119,train,495.807739,29.519905,45.708035,21.002985,data/processed/food-nutrients/images/003119.jpg
3120,train,513.996338,29.848644,49.357723,21.440739,data/processed/food-nutrients/images/003120.jpg
3121,val,542.496338,30.133644,56.767731,21.49774,data/processed/food-nutrients/images/003121.jpg
3122,train,605.856323,34.741642,62.959728,24.521738,data/processed/food-nutrients/images/003122.jpg
3123,test,148.346344,1.512195,27.219513,3.780488,data/processed/food-nutrients/images/003123.jpg
3124,train,340.226349,38.412197,29.802513,4.518488,data/processed/food-nutrients/images/003124.jpg
3125,val,376.526337,39.138195,38.998512,4.760488,data/processed/food-nutrients/images/003125.jpg
3126,test,406.68631,40.6982,45.862511,4.968488,data/processed/food-nutrients/images/003126.jpg
3127,train,51.200001,0.64,2.88,4.8,data/processed/food-nutrients/images/003127.jpg
3128,train,65.480003,1.711,5.547,4.989,data/processed/food-nutrients/images/003128.jpg
3129,train,208.233475,4.826312,18.900763,14.530067,data/processed/food-nutrients/images/003129.jpg
3130,test,581.253052,65.588402,23.362089,25.45192,data/processed/food-nutrients/images/003130.jpg
3131,train,107.433014,2.344513,10.049737,7.180391,data/processed/food-nutrients/images/003131.jpg
3132,train,127.493019,3.849013,13.796238,7.445891,data/processed/food-nutrients/images/003132.jpg
3133,train,373.190979,37.479683,25.867041,36.018696,data/processed/food-nutrients/images/003133.jpg
3134,val,492.683044,41.068039,42.993248,40.014809,data/processed/food-nutrients/images/003134.jpg
3135,train,239.309998,10.08,30.150002,8.46,data/processed/food-nutrients/images/003135.jpg
3136,train,292.549988,13.952,35.353001,11.000999,data/processed/food-nutrients/images/003136.jpg
3137,train,76.690483,1.888,9.08029,4.110968,data/processed/food-nutrients/images/003137.jpg
3138,test,273.112488,12.889,11.47429,19.671967,data/processed/food-nutrients/images/003138.jpg
3139,test,487.712494,27.389,13.794291,35.621967,data/processed/food-nutrients/images/003139.jpg
3140,train,30.779999,0.378,7.56,0.162,data/processed/food-nutrients/images/003140.jpg
3141,test,51.779999,0.588,13.02,0.204,data/processed/food-nutrients/images/003141.jpg
3142,train,131.250626,1.001891,14.615491,8.397309,data/processed/food-nutrients/images/003142.jpg
3143,train,168.576462,1.382379,21.464273,9.348528,data/processed/food-nutrients/images/003143.jpg
3144,train,303.507507,11.701199,32.629898,15.198483,data/processed/food-nutrients/images/003144.jpg
3145,train,382.506012,21.423,4.662,30.302999,data/processed/food-nutrients/images/003145.jpg
3146,train,507.388397,22.0734,7.1692,43.178196,data/processed/food-nutrients/images/003146.jpg
3147,train,689.428406,34.373402,9.1372,56.708199,data/processed/food-nutrients/images/003147.jpg
3148,test,792.218384,41.4034,9.403199,64.688202,data/processed/food-nutrients/images/003148.jpg
3149,train,86.239998,6.272,8.428,4.116,data/processed/food-nutrients/images/003149.jpg
3150,train,919.097168,79.971626,53.029022,42.248199,data/processed/food-nutrients/images/003150.jpg
3151,train,101.042,4.256,12.73,3.572,data/processed/food-nutrients/images/003151.jpg
3152,train,169.072418,10.276019,16.373152,6.686759,data/processed/food-nutrients/images/003152.jpg
3153,val,225.472412,11.11602,23.573153,9.406758,data/processed/food-nutrients/images/003153.jpg
3154,train,265.072388,13.996019,27.443153,11.296759,data/processed/food-nutrients/images/003154.jpg
3155,train,35.400002,0.708,8.967999,0.236,data/processed/food-nutrients/images/003155.jpg
3156,train,145.463409,1.829951,29.163124,3.040878,data/processed/food-nutrients/images/003156.jpg
3157,val,386.223419,48.129951,32.404121,3.966878,data/processed/food-nutrients/images/003157.jpg
3158,train,413.19339,49.524952,38.542122,4.152878,data/processed/food-nutrients/images/003158.jpg
3159,train,30.639025,1.287805,3.756098,1.556098,data/processed/food-nutrients/images/003159.jpg
3160,train,295.559052,19.187805,6.620098,21.246098,data/processed/food-nutrients/images/003160.jpg
3161,val,496.800018,34.610802,8.263098,36.139095,data/processed/food-nutrients/images/003161.jpg
3162,train,607.200073,44.270805,10.333097,43.039101,data/processed/food-nutrients/images/003162.jpg
3163,train,36.799999,0.256,2.016,3.424,data/processed/food-nutrients/images/003163.jpg
3164,train,54.400002,0.74,5.976,3.468,data/processed/food-nutrients/images/003164.jpg
3165,train,64.300003,1.235,8.121,3.578,data/processed/food-nutrients/images/003165.jpg
3166,train,88.080002,1.757,13.921,3.694,data/processed/food-nutrients/images/003166.jpg
3167,val,480.779968,75.537003,13.921,12.261999,data/processed/food-nutrients/images/003167.jpg
3168,val,506.357971,77.393005,16.415001,13.48,data/processed/food-nutrients/images/003168.jpg
3169,train,53.598557,2.632836,7.950584,2.133646,data/processed/food-nutrients/images/003169.jpg
3170,train,376.762451,34.890255,13.800014,20.058874,data/processed/food-nutrients/images/003170.jpg
3171,train,548.655457,40.01326,46.391014,22.456875,data/processed/food-nutrients/images/003171.jpg
3172,train,583.376404,42.289955,52.420933,23.326906,data/processed/food-nutrients/images/003172.jpg
3173,train,17.08,1.342,3.233,0.244,data/processed/food-nutrients/images/003173.jpg
3174,train,31.48,1.738,6.473001,0.28,data/processed/food-nutrients/images/003174.jpg
3175,train,133.880005,3.018,12.233,9.880001,data/processed/food-nutrients/images/003175.jpg
3176,train,460.579987,64.398003,12.233,17.008001,data/processed/food-nutrients/images/003176.jpg
3177,train,778.819946,64.398003,12.233,53.007999,data/processed/food-nutrients/images/003177.jpg
3178,train,146.244995,6.16,18.425001,5.17,data/processed/food-nutrients/images/003178.jpg
3179,train,187.053268,7.411788,23.153978,6.978137,data/processed/food-nutrients/images/003179.jpg
3180,train,232.553268,7.866788,34.983978,7.069138,data/processed/food-nutrients/images/003180.jpg
3181,train,256.551605,9.440392,39.151718,7.670484,data/processed/food-nutrients/images/003181.jpg
3182,train,290.692169,10.465634,44.044918,8.81223,data/processed/food-nutrients/images/003182.jpg
3183,train,380.394043,25.763874,45.304302,11.045062,data/processed/food-nutrients/images/003183.jpg
3184,train,535.839905,41.280106,48.117958,19.667326,data/processed/food-nutrients/images/003184.jpg
3185,train,311.354004,23.862001,2.542,23.042,data/processed/food-nutrients/images/003185.jpg
3186,train,428.667786,24.472982,4.897249,35.136887,data/processed/food-nutrients/images/003186.jpg
3187,train,837.147766,52.072983,9.31325,65.496887,data/processed/food-nutrients/images/003187.jpg
3188,test,13.72,1.078,2.597,0.196,data/processed/food-nutrients/images/003188.jpg
3189,train,48.920002,1.518,4.577,3.496,data/processed/food-nutrients/images/003189.jpg
3190,train,57.940002,2.789,5.93,3.619,data/processed/food-nutrients/images/003190.jpg
3191,train,71.139999,3.152,8.9,3.652,data/processed/food-nutrients/images/003191.jpg
3192,train,184.990005,24.542,8.9,6.136001,data/processed/food-nutrients/images/003192.jpg
3193,train,144.0,1.8,8.1,13.500001,data/processed/food-nutrients/images/003193.jpg
3194,train,295.537689,16.508799,10.236863,22.199564,data/processed/food-nutrients/images/003194.jpg
3195,test,481.169434,38.063328,15.702341,29.956467,data/processed/food-nutrients/images/003195.jpg
3196,train,496.129456,38.371338,18.69434,30.264463,data/processed/food-nutrients/images/003196.jpg
3197,train,504.709412,39.580326,19.98134,30.381466,data/processed/food-nutrients/images/003197.jpg
3198,train,555.92041,41.118195,27.321146,32.094086,data/processed/food-nutrients/images/003198.jpg
3199,train,582.370361,41.3022,28.770144,34.555084,data/processed/food-nutrients/images/003199.jpg
3200,train,591.265503,41.600544,29.930391,34.996658,data/processed/food-nutrients/images/003200.jpg
3201,train,637.806702,45.134315,34.708759,36.816135,data/processed/food-nutrients/images/003201.jpg
3202,train,50.370003,5.52,1.311,3.312,data/processed/food-nutrients/images/003202.jpg
3203,train,149.125931,7.439879,4.53204,12.696175,data/processed/food-nutrients/images/003203.jpg
3204,train,378.53714,29.707369,7.767013,25.866344,data/processed/food-nutrients/images/003204.jpg
3205,train,32.200001,2.53,6.095,0.46,data/processed/food-nutrients/images/003205.jpg
3206,train,525.419983,48.029999,6.095,35.039997,data/processed/food-nutrients/images/003206.jpg
3207,train,540.820007,49.085999,9.174999,35.215996,data/processed/food-nutrients/images/003207.jpg
3208,train,907.119995,117.905998,9.174999,43.207996,data/processed/food-nutrients/images/003208.jpg
3209,train,1119.280029,117.905998,9.174999,67.208,data/processed/food-nutrients/images/003209.jpg
3210,train,111.637299,0.581418,2.241285,11.509647,data/processed/food-nutrients/images/003210.jpg
3211,train,356.3573,10.701418,32.601284,20.433649,data/processed/food-nutrients/images/003211.jpg
3212,train,607.506165,39.863441,39.995754,30.928276,data/processed/food-nutrients/images/003212.jpg
3213,train,627.65625,41.033432,44.54575,30.993277,data/processed/food-nutrients/images/003213.jpg
3214,train,226.014999,9.52,28.475,7.99,data/processed/food-nutrients/images/003214.jpg
3215,train,390.180786,25.454533,30.789936,17.414524,data/processed/food-nutrients/images/003215.jpg
3216,train,437.124115,26.864243,37.518093,18.984426,data/processed/food-nutrients/images/003216.jpg
3217,val,450.764099,27.65624,40.598091,19.028429,data/processed/food-nutrients/images/003217.jpg
3218,train,521.038635,29.330261,44.141685,24.96809,data/processed/food-nutrients/images/003218.jpg
3219,train,11.76,0.924,2.226,0.168,data/processed/food-nutrients/images/003219.jpg
3220,test,36.610001,2.628,7.196,0.452,data/processed/food-nutrients/images/003220.jpg
3221,train,587.709961,106.168007,7.196,12.476,data/processed/food-nutrients/images/003221.jpg
3222,train,787.709961,108.667999,18.445999,31.225998,data/processed/food-nutrients/images/003222.jpg
3223,test,1158.98999,108.667999,18.445999,73.225998,data/processed/food-nutrients/images/003223.jpg
3224,train,426.360016,36.936001,20.976,20.976,data/processed/food-nutrients/images/003224.jpg
3225,val,459.643372,37.956963,24.832966,22.450722,data/processed/food-nutrients/images/003225.jpg
3226,test,490.393372,38.631962,32.332966,22.600721,data/processed/food-nutrients/images/003226.jpg
3227,train,530.393372,39.131962,34.582966,26.350721,data/processed/food-nutrients/images/003227.jpg
3228,train,716.47937,44.677963,69.864967,28.946722,data/processed/food-nutrients/images/003228.jpg
3229,val,157.699997,4.7,29.9,2.2,data/processed/food-nutrients/images/003229.jpg
3230,train,247.288361,6.240405,45.123398,4.835492,data/processed/food-nutrients/images/003230.jpg
3231,train,72.402832,1.364915,2.248366,6.906353,data/processed/food-nutrients/images/003231.jpg
3232,val,144.255814,6.820557,9.62549,9.715363,data/processed/food-nutrients/images/003232.jpg
3233,train,386.199768,32.076679,14.979709,21.990467,data/processed/food-nutrients/images/003233.jpg
3234,train,421.239746,35.916676,15.891708,24.294468,data/processed/food-nutrients/images/003234.jpg
3235,train,83.715767,1.578183,2.599673,7.985471,data/processed/food-nutrients/images/003235.jpg
3236,train,119.099396,2.186578,8.612275,9.026379,data/processed/food-nutrients/images/003236.jpg
3237,val,153.099411,2.526578,17.452278,9.094378,data/processed/food-nutrients/images/003237.jpg
3238,val,562.269348,45.23914,26.507204,29.853746,data/processed/food-nutrients/images/003238.jpg
3239,train,44.459999,0.546,10.92,0.234,data/processed/food-nutrients/images/003239.jpg
3240,train,72.870728,1.740146,14.402927,1.676927,data/processed/food-nutrients/images/003240.jpg
3241,train,163.858185,2.512788,28.488777,5.302399,data/processed/food-nutrients/images/003241.jpg
3242,train,363.658203,16.012787,30.648777,20.152399,data/processed/food-nutrients/images/003242.jpg
3243,train,132.539993,5.64,15.04,5.64,data/processed/food-nutrients/images/003243.jpg
3244,train,67.877647,1.279608,2.107843,6.474706,data/processed/food-nutrients/images/003244.jpg
3245,train,303.422241,31.216145,11.029653,14.751798,data/processed/food-nutrients/images/003245.jpg
3246,val,327.420563,32.789753,15.197391,15.353144,data/processed/food-nutrients/images/003246.jpg
3247,train,345.654053,33.34906,17.310337,16.161036,data/processed/food-nutrients/images/003247.jpg
3248,train,154.222,6.496,19.43,5.452,data/processed/food-nutrients/images/003248.jpg
3249,val,202.182007,9.984,24.117001,7.741,data/processed/food-nutrients/images/003249.jpg
3250,train,209.934982,10.612808,25.612118,7.829318,data/processed/food-nutrients/images/003250.jpg
3251,train,243.584183,14.889456,26.886663,9.01176,data/processed/food-nutrients/images/003251.jpg
3252,train,260.434052,15.994325,29.812946,9.43398,data/processed/food-nutrients/images/003252.jpg
3253,test,276.424072,16.691326,33.010952,9.80298,data/processed/food-nutrients/images/003253.jpg
3254,train,28.500002,2.66,5.51,0.38,data/processed/food-nutrients/images/003254.jpg
3255,train,55.800003,4.532,10.969999,0.692,data/processed/food-nutrients/images/003255.jpg
3256,train,93.400002,7.172,19.77,0.852,data/processed/food-nutrients/images/003256.jpg
3257,train,443.199982,72.892006,19.77,8.483999,data/processed/food-nutrients/images/003257.jpg
3258,val,743.76001,72.891998,19.77,42.484001,data/processed/food-nutrients/images/003258.jpg
3259,train,751.679993,72.937004,21.300001,42.484001,data/processed/food-nutrients/images/003259.jpg
